timestamp,asset,side,quantity,entry_price,exit_price,profit_loss,balance
2025-01-03T11:44:36Z,MSFT,sell,1.1744,410.0,400.9953,9.52,10009.52
2025-01-05T13:47:36Z,MSFT,buy,1.6364,400.9953,394.7081,-11.73,9997.78
2025-01-06T17:42:10Z,NVDA,buy,0.478205,650.0,650.1551,-0.61,9997.17
2025-01-07T16:20:27Z,NVDA,sell,0.621635,650.1551,620.4552,17.57,10014.75
2025-01-08T08:14:15Z,NVDA,buy,0.926081,620.4552,621.6372,-0.17,10014.58
2025-01-08T11:08:55Z,NVDA,buy,1.2639,621.6372,625.3065,2.91,10017.49
2025-01-08T22:37:19Z,BTC-USD,buy,0.010095,45000.0,45209.86,1.12,10018.61
2025-01-10T23:59:56Z,BTC-USD,sell,0.008056,45209.86,45335.6,-1.81,10016.79
2025-01-13T01:11:39Z,AAPL,buy,3.7666,180.0,181.0065,2.3,10019.09
2025-01-14T17:53:54Z,ETH-USD,buy,0.144848,2400.0,2413.61,1.21,10020.3
2025-01-16T22:04:32Z,ETH-USD,buy,0.233061,2413.61,2421.29,0.55,10020.85
2025-01-17T20:48:57Z,ETH-USD,sell,0.140967,2421.29,2338.09,10.98,10031.83
2025-01-19T21:34:46Z,EURUSD,buy,682.2102,1.09,1.094757,1.61,10033.44
2025-01-20T22:50:48Z,NVDA,sell,0.565254,625.3065,603.9075,11.32,10044.76
2025-01-22T02:49:44Z,ETH-USD,sell,0.326266,2338.09,2349.38,-5.36,10039.4
2025-01-23T05:43:26Z,EURUSD,sell,709.1049,1.094757,1.061876,21.61,10061.0
2025-01-23T10:14:06Z,BTC-USD,buy,0.013587,45335.6,43030.75,-32.67,10028.33
2025-01-24T06:39:47Z,BTC-USD,buy,0.007603,43030.75,43174.28,0.37,10028.7
2025-01-24T09:23:05Z,BTC-USD,buy,0.008324,43174.28,41781.31,-12.39,10016.32
2025-01-25T08:13:55Z,MSFT,buy,1.1442,394.7081,386.6956,-10.16,10006.16
2025-01-26T10:07:01Z,EURUSD,buy,263.248,1.061876,1.064228,0.0,10006.16
2025-01-27T19:42:57Z,EURUSD,buy,363.9827,1.064228,1.060447,-2.23,10003.93
2025-01-29T05:12:44Z,EURUSD,sell,337.8419,1.060447,1.018568,13.36,10017.29
2025-01-30T08:16:24Z,EURUSD,buy,561.3316,1.018568,1.029229,4.73,10022.02
2025-01-30T09:58:08Z,NVDA,buy,1.2772,603.9075,574.049,-39.83,9982.19
2025-01-31T22:28:36Z,NVDA,sell,0.357808,574.049,563.7958,3.22,9985.41
2025-02-02T06:37:05Z,ETH-USD,sell,0.276962,2349.38,2317.16,7.49,9992.9
2025-02-03T05:10:25Z,ETH-USD,buy,0.106159,2317.16,2327.5,0.56,9993.45
2025-02-04T14:14:58Z,EURUSD,buy,658.2268,1.029229,1.005863,-16.87,9976.58
2025-02-04T22:46:53Z,NVDA,sell,0.615901,563.7958,552.5855,6.14,9982.72
2025-02-07T03:08:20Z,EURUSD,sell,421.4156,1.005863,1.008132,-1.89,9980.84
2025-02-09T04:41:35Z,GBPUSD,buy,362.7668,1.27,1.255907,-6.13,9974.71
2025-02-09T20:48:13Z,GBPUSD,buy,383.7233,1.255907,1.247483,-4.29,9970.42
2025-02-11T04:28:34Z,GBPUSD,sell,410.3865,1.247483,1.208442,14.9,9985.31
2025-02-12T12:48:48Z,GBPUSD,buy,190.4702,1.208442,1.217084,1.14,9986.45
2025-02-13T09:16:02Z,GBPUSD,sell,488.5458,1.217084,1.220041,-2.75,9983.7
2025-02-13T18:38:05Z,TSLA,sell,3.0906,220.0,217.2422,7.03,9990.73
2025-02-14T19:35:30Z,TSLA,buy,2.6605,217.2422,205.7574,-31.83,9958.9
2025-02-16T05:41:29Z,TSLA,sell,1.7232,205.7574,206.9095,-2.77,9956.13
2025-02-17T21:27:07Z,TSLA,sell,3.0727,206.9095,205.3275,3.46,9959.6
2025-02-19T10:34:09Z,GBPUSD,buy,546.2804,1.220041,1.193642,-15.89,9943.71
2025-02-20T21:07:13Z,GBPUSD,buy,498.8976,1.193642,1.146245,-24.96,9918.75
2025-02-22T02:33:54Z,GBPUSD,sell,183.1443,1.146245,1.144383,-0.12,9918.63
2025-02-22T17:56:12Z,NVDA,buy,0.88014,552.5855,554.0298,0.2,9918.83
2025-02-24T07:36:29Z,NVDA,sell,0.550823,554.0298,550.4638,1.29,9920.13
2025-02-25T03:11:55Z,AAPL,buy,2.3863,181.0065,179.131,-5.43,9914.7
2025-02-26T10:21:44Z,AAPL,sell,2.3075,179.131,175.6587,7.1,9921.8
2025-02-28T04:51:57Z,AAPL,sell,1.7176,175.6587,167.8518,12.75,9934.55
2025-03-02T04:33:56Z,ETH-USD,sell,0.293665,2327.5,2341.58,-5.64,9928.91
2025-03-03T06:18:08Z,ETH-USD,sell,0.185329,2341.58,2328.0,1.56,9930.47
2025-03-04T10:34:09Z,NVDA,buy,0.85165,550.4638,554.3628,2.29,9932.76
2025-03-04T16:19:38Z,ETH-USD,sell,0.322497,2328.0,2235.57,28.16,9960.92
2025-03-05T16:23:11Z,ETH-USD,sell,0.355622,2235.57,2124.85,37.63,9998.55
2025-03-07T08:35:47Z,ETH-USD,sell,0.194394,2124.85,2035.29,16.5,10015.05
2025-03-09T12:29:24Z,ETH-USD,sell,0.218274,2035.29,2016.64,3.09,10018.14
2025-03-11T17:44:15Z,ETH-USD,sell,0.303911,2016.64,1987.37,7.55,10025.69
2025-03-13T09:58:34Z,AMZN,buy,2.2296,170.0,170.2368,-0.31,10025.38
2025-03-13T17:26:58Z,AMZN,sell,3.6802,170.2368,170.6263,-2.81,10022.57
2025-03-14T10:33:39Z,AMZN,buy,4.0299,170.6263,168.4391,-10.33,10012.24
2025-03-15T23:06:02Z,AMZN,buy,4.4584,168.4391,169.2678,2.04,10014.28
2025-03-17T11:17:42Z,AMZN,sell,3.1017,169.2678,165.7557,9.74,10024.02
2025-03-17T23:20:01Z,MSFT,buy,0.982589,386.6956,390.5374,2.94,10026.96
2025-03-18T11:59:50Z,MSFT,buy,2.0304,390.5374,369.2918,-44.88,9982.08
2025-03-19T12:25:13Z,MSFT,sell,0.914004,369.2918,363.8152,4.26,9986.34
2025-03-21T02:43:52Z,MSFT,buy,0.949362,363.8152,354.3137,-9.78,9976.56
2025-03-21T21:00:54Z,ETH-USD,buy,0.308027,1987.37,1993.26,0.47,9977.03
2025-03-23T08:19:35Z,ETH-USD,sell,0.202516,1993.26,1988.46,0.08,9977.11
2025-03-25T10:48:18Z,MSFT,sell,1.5311,354.3137,350.9345,3.98,9981.09
2025-03-26T22:05:11Z,MSFT,sell,1.8377,350.9345,352.8965,-5.02,9976.07
2025-03-27T04:52:41Z,TSLA,sell,1.9591,205.3275,194.843,19.66,9995.72
2025-03-27T17:49:50Z,TSLA,sell,3.6384,194.843,194.918,-1.83,9993.89
2025-03-28T11:51:11Z,EURUSD,buy,486.2063,1.008132,0.993379,-8.25,9985.64
2025-03-28T19:43:09Z,EURUSD,sell,203.4934,0.993379,0.974082,3.48,9989.12
2025-03-29T00:59:29Z,GBPUSD,sell,623.0277,1.144383,1.118208,14.74,10003.86
2025-03-29T09:33:58Z,GBPUSD,sell,708.1675,1.118208,1.098796,12.0,10015.86
2025-03-29T19:41:33Z,MSFT,sell,2.0813,352.8965,336.1629,33.21,10049.08
2025-03-31T12:13:09Z,MSFT,sell,1.8359,336.1629,336.2074,-1.44,10047.64
2025-04-02T12:10:16Z,MSFT,buy,1.742,336.2074,329.0213,-13.81,10033.83
2025-04-04T07:39:30Z,MSFT,sell,0.815209,329.0213,315.736,10.24,10044.07
2025-04-04T11:22:52Z,MSFT,sell,0.876156,315.736,317.1874,-1.88,10042.19
2025-04-05T10:40:25Z,MSFT,buy,1.7385,317.1874,319.3405,2.53,10044.72
2025-04-06T20:28:37Z,ETH-USD,buy,0.167125,1988.46,1990.22,-0.44,10044.28
2025-04-08T01:19:02Z,TSLA,buy,2.9406,194.918,195.3529,0.02,10044.3
2025-04-08T18:48:28Z,TSLA,sell,2.9336,195.3529,196.5358,-4.73,10039.57
2025-04-09T20:38:33Z,BTC-USD,sell,0.01495,41781.31,41887.63,-2.96,10036.61
2025-04-12T02:08:42Z,ETH-USD,buy,0.228225,1990.22,1997.83,0.74,10037.34
2025-04-14T06:25:08Z,ETH-USD,buy,0.39144,1997.83,2012.61,4.06,10041.41
2025-04-14T17:54:00Z,BTC-USD,buy,0.010907,41887.63,40571.47,-15.36,10026.05
2025-04-16T05:51:58Z,BTC-USD,sell,0.008434,40571.47,38946.38,12.95,10039.0
2025-04-17T10:34:55Z,AMZN,buy,2.8345,165.7557,166.3572,0.67,10039.67
2025-04-19T12:03:49Z,MSFT,sell,0.928491,319.3405,319.7314,-1.02,10038.66
2025-04-21T17:03:53Z,ETH-USD,sell,0.351934,2012.61,1953.12,19.38,10058.04
2025-04-22T20:24:33Z,AAPL,sell,1.7697,167.8518,163.5648,6.93,10064.97
2025-04-25T02:06:01Z,AAPL,buy,2.5901,163.5648,158.946,-12.9,10052.08
2025-04-26T21:37:14Z,EURUSD,sell,559.5287,0.974082,0.978777,-3.83,10048.25
2025-04-27T00:14:46Z,EURUSD,sell,677.495,0.978777,0.984853,-5.58,10042.67
2025-04-27T10:21:57Z,EURUSD,buy,375.5542,0.984853,0.989405,0.9,10043.57
2025-04-29T01:14:13Z,AAPL,buy,3.4005,158.946,160.0524,2.57,10046.14
2025-04-29T07:02:08Z,AAPL,buy,1.2718,160.0524,156.9736,-4.36,10041.78
2025-04-30T23:10:31Z,AMZN,sell,1.8464,166.3572,158.0161,14.73,10056.51
2025-05-01T13:03:38Z,AMZN,buy,2.2369,158.0161,153.6621,-10.52,10045.99
2025-05-03T06:59:48Z,GBPUSD,sell,338.4012,1.098796,1.103287,-2.34,10043.65
2025-05-05T01:17:46Z,GBPUSD,sell,665.0839,1.103287,1.111618,-7.16,10036.49
2025-05-06T16:12:35Z,GBPUSD,buy,483.481,1.111618,1.116397,1.13,10037.62
2025-05-07T14:50:09Z,GBPUSD,sell,536.6675,1.116397,1.066098,25.68,10063.3
2025-05-08T11:22:17Z,GBPUSD,buy,684.0294,1.066098,1.07234,2.67,10065.96
2025-05-10T00:41:24Z,GBPUSD,buy,302.5722,1.07234,1.03397,-12.32,10053.64
2025-05-11T15:22:38Z,EURUSD,buy,536.7493,0.989405,0.983374,-4.41,10049.24
2025-05-12T00:58:05Z,EURUSD,buy,746.7546,0.983374,0.934721,-37.95,10011.29
2025-05-14T03:18:37Z,EURUSD,buy,648.0861,0.934721,0.905451,-20.3,9990.99
2025-05-14T07:39:46Z,EURUSD,buy,828.7204,0.905451,0.857894,-41.06,9949.92
2025-05-16T09:00:35Z,EURUSD,buy,787.1026,0.857894,0.858286,-1.18,9948.75
2025-05-18T03:36:01Z,EURUSD,sell,690.4004,0.858286,0.829326,18.69,9967.44
2025-05-20T04:57:05Z,EURUSD,buy,617.7889,0.829326,0.833978,1.75,9969.18
2025-05-20T14:41:53Z,EURUSD,buy,405.1435,0.833978,0.791399,-17.99,9951.19
2025-05-21T03:46:47Z,EURUSD,sell,721.5364,0.791399,0.791902,-1.62,9949.57
2025-05-22T15:37:02Z,EURUSD,sell,829.5633,0.791902,0.767364,18.91,9968.48
2025-05-23T05:13:59Z,EURUSD,buy,278.9527,0.767364,0.742731,-7.34,9961.14
2025-05-25T07:06:05Z,ETH-USD,sell,0.352939,1953.12,1962.53,-4.84,9956.3
2025-05-26T20:55:07Z,ETH-USD,sell,0.260093,1962.53,1974.94,-4.35,9951.95
2025-05-27T16:20:19Z,NVDA,buy,0.43813,554.3628,556.4366,0.37,9952.32
2025-05-29T06:10:26Z,NVDA,sell,1.0859,556.4366,559.9001,-5.09,9947.23
2025-05-30T09:20:29Z,EURUSD,sell,313.613,0.742731,0.713842,8.55,9955.78
2025-05-31T11:10:53Z,EURUSD,buy,421.2435,0.713842,0.697123,-7.7,9948.08
2025-06-01T20:45:40Z,AMZN,buy,3.5251,153.6621,152.0908,-6.73,9941.35
2025-06-02T03:30:09Z,EURUSD,buy,720.0424,0.697123,0.665293,-24.02,9917.32
2025-06-03T04:41:16Z,EURUSD,sell,590.364,0.665293,0.65781,3.55,9920.88
2025-06-03T08:46:49Z,ETH-USD,buy,0.163113,1974.94,1976.08,-0.52,9920.35
2025-06-04T10:39:31Z,ETH-USD,buy,0.135972,1976.08,1984.21,0.51,9920.87
2025-06-04T23:08:11Z,BTC-USD,buy,0.014861,38946.38,36998.41,-30.22,9890.64
2025-06-05T21:20:52Z,NVDA,sell,1.2489,559.9001,540.9282,22.16,9912.8
2025-06-06T02:27:36Z,BTC-USD,buy,0.017592,36998.41,37037.2,-0.75,9912.05
2025-06-07T09:02:16Z,BTC-USD,buy,0.010954,37037.2,37211.05,1.01,9913.06
2025-06-09T10:22:48Z,BTC-USD,sell,0.012004,37211.05,37452.69,-3.88,9909.18
2025-06-10T13:16:22Z,MSFT,sell,2.222,319.7314,320.4698,-3.2,9905.97
2025-06-11T21:11:52Z,MSFT,sell,0.741773,320.4698,312.8652,5.12,9911.09
2025-06-14T03:12:11Z,GBPUSD,sell,193.3071,1.03397,1.010674,4.06,9915.16
2025-06-15T12:40:48Z,GBPUSD,buy,695.4099,1.010674,0.965874,-32.7,9882.46
2025-06-16T10:52:26Z,GBPUSD,sell,339.9182,0.965874,0.95104,4.32,9886.78
2025-06-18T01:57:02Z,NVDA,sell,0.727704,540.9282,519.4801,14.74,9901.52
2025-06-19T12:58:00Z,BTC-USD,buy,0.007031,37452.69,35891.07,-11.56,9889.96
2025-06-19T23:21:00Z,BTC-USD,sell,0.0099,35891.07,34226.15,15.7,9905.66
2025-06-21T02:35:15Z,MSFT,sell,1.6049,312.8652,314.5713,-3.84,9901.82
2025-06-21T20:25:10Z,BTC-USD,sell,0.012204,34226.15,32983.31,14.25,9916.07
2025-06-22T09:24:07Z,BTC-USD,buy,0.011992,32983.31,32467.96,-7.05,9909.01
2025-06-24T06:50:08Z,BTC-USD,buy,0.014038,32467.96,30986.85,-21.79,9887.22
2025-06-25T15:45:59Z,NVDA,sell,1.1255,519.4801,518.5736,-0.27,9886.95
2025-06-25T20:23:01Z,AMZN,sell,2.273,152.0908,153.0139,-2.86,9884.1
2025-06-26T08:38:33Z,AMZN,buy,4.8937,153.0139,150.0224,-16.29,9867.81
2025-06-27T02:51:04Z,AMZN,buy,3.7563,150.0224,147.602,-10.33,9857.48
2025-06-28T17:20:08Z,AMZN,sell,4.4473,147.602,139.7947,33.28,9890.75
2025-06-30T09:26:21Z,AAPL,sell,1.8761,156.9736,149.641,13.11,9903.86
2025-07-02T09:00:54Z,ETH-USD,sell,0.181116,1984.21,1991.68,-2.14,9901.72
2025-07-03T03:20:26Z,BTC-USD,sell,0.008681,30986.85,31065.05,-1.27,9900.45
2025-07-04T00:03:48Z,BTC-USD,sell,0.02514,31065.05,29739.32,31.61,9932.06
2025-07-04T21:17:04Z,BTC-USD,sell,0.008536,29739.32,28921.26,6.42,9938.48
2025-07-06T14:42:53Z,BTC-USD,buy,0.023721,28921.26,29075.34,2.15,9940.63
2025-07-08T12:46:34Z,BTC-USD,sell,0.017876,29075.34,29127.1,-2.07,9938.56
2025-07-09T11:35:42Z,BTC-USD,buy,0.024967,29127.1,28919.8,-6.78,9931.78
2025-07-10T18:34:53Z,BTC-USD,sell,0.019191,28919.8,28989.4,-2.56,9929.23
2025-07-11T18:13:17Z,NVDA,buy,0.789766,518.5736,523.381,2.9,9932.12
2025-07-12T09:04:12Z,NVDA,sell,1.044,523.381,525.9587,-3.89,9928.23
2025-07-13T00:01:48Z,TSLA,sell,3.8209,196.5358,197.0487,-3.61,9924.62
2025-07-14T04:17:26Z,TSLA,buy,1.7409,197.0487,197.8607,0.66,9925.28
2025-07-14T05:34:05Z,TSLA,buy,2.8991,197.8607,189.1547,-26.5,9898.78
2025-07-14T13:03:35Z,EURUSD,sell,1093.1639,0.65781,0.658615,-2.46,9896.31
2025-07-15T04:47:29Z,EURUSD,sell,311.7452,0.658615,0.653164,1.25,9897.56
2025-07-16T07:38:03Z,EURUSD,buy,526.441,0.653164,0.628834,-13.56,9884.0
2025-07-16T10:56:12Z,EURUSD,buy,495.4137,0.628834,0.628568,-0.82,9883.18
2025-07-16T19:34:47Z,EURUSD,sell,580.4345,0.628568,0.619717,4.33,9887.52
2025-07-18T04:42:20Z,EURUSD,buy,716.7415,0.619717,0.622404,0.95,9888.46
2025-07-19T22:03:12Z,EURUSD,buy,955.1096,0.622404,0.623223,-0.53,9887.94
2025-07-21T12:27:21Z,EURUSD,buy,803.9627,0.623223,0.624794,0.16,9888.1
2025-07-21T20:10:53Z,EURUSD,buy,1125.4146,0.624794,0.614654,-12.96,9875.14
2025-07-22T11:55:42Z,TSLA,buy,3.6742,189.1547,189.8407,0.99,9876.13
2025-07-23T22:55:47Z,TSLA,buy,1.8081,189.8407,189.7908,-0.85,9875.29
2025-07-24T08:42:58Z,MSFT,sell,2.2415,314.5713,306.6035,16.31,9891.59
2025-07-25T05:21:05Z,NVDA,buy,0.480416,525.9587,525.8378,-0.61,9890.98
2025-07-25T15:10:55Z,NVDA,buy,1.3055,525.8378,529.613,3.42,9894.4
2025-07-26T07:23:25Z,NVDA,sell,1.1222,529.613,530.8728,-2.72,9891.68
2025-07-26T14:41:07Z,NVDA,sell,0.421655,530.8728,531.9849,-0.96,9890.72
2025-07-27T11:47:42Z,NVDA,sell,0.402026,531.9849,507.5568,9.35,9900.07
2025-07-28T15:53:14Z,NVDA,sell,0.806708,507.5568,489.4325,13.72,9913.79
2025-07-30T00:29:13Z,AMZN,sell,5.0038,139.7947,133.8971,27.97,9941.76
2025-07-30T14:54:20Z,AMZN,buy,4.5094,133.8971,134.031,-0.72,9941.03
2025-07-31T05:39:53Z,AMZN,sell,2.9322,134.031,134.5786,-2.47,9938.56
2025-08-01T02:02:22Z,MSFT,sell,2.0861,306.6035,307.9864,-4.29,9934.27
2025-08-02T07:28:40Z,MSFT,sell,1.3784,307.9864,297.2354,13.89,9948.16
2025-08-02T21:51:33Z,MSFT,sell,2.5338,297.2354,296.8051,-0.57,9947.59
2025-08-03T04:10:53Z,MSFT,sell,1.3545,296.8051,288.5718,10.27,9957.86
2025-08-05T10:16:30Z,MSFT,sell,2.2177,288.5718,284.2621,8.15,9966.01
2025-08-06T01:02:52Z,BTC-USD,buy,0.021656,28989.4,27947.94,-23.94,9942.07
2025-08-06T07:22:16Z,NVDA,buy,0.686086,489.4325,491.2647,0.52,9942.59
2025-08-08T08:56:20Z,NVDA,sell,0.667719,491.2647,494.9373,-3.17,9939.42
2025-08-09T08:50:14Z,GBPUSD,sell,797.2139,0.95104,0.941078,6.27,9945.69
2025-08-10T14:06:29Z,GBPUSD,buy,824.9666,0.941078,0.943575,0.35,9946.04
2025-08-12T14:32:19Z,GBPUSD,sell,807.9659,0.943575,0.945956,-3.6,9942.44
2025-08-14T10:04:14Z,GBPUSD,sell,764.5435,0.945956,0.929813,10.75,9953.19
2025-08-16T00:36:25Z,GBPUSD,buy,553.0608,0.929813,0.890448,-22.9,9930.29
2025-08-16T16:03:45Z,GBPUSD,sell,770.3164,0.890448,0.891193,-2.08,9928.2
2025-08-17T15:00:52Z,BTC-USD,sell,0.011113,27947.94,28011.0,-1.38,9926.82
2025-08-17T21:22:58Z,BTC-USD,buy,0.020387,28011.0,26633.63,-29.34,9897.48
2025-08-18T09:56:49Z,AMZN,buy,5.1244,134.5786,134.2704,-3.1,9894.39
2025-08-19T21:16:17Z,AMZN,sell,2.4685,134.2704,134.7864,-2.0,9892.38
2025-08-21T09:15:18Z,AMZN,sell,4.8362,134.7864,135.4665,-4.72,9887.66
2025-08-23T01:25:46Z,AMZN,buy,5.382,135.4665,132.6433,-16.8,9870.86
2025-08-24T07:09:43Z,AMZN,buy,1.7109,132.6433,133.9037,1.66,9872.52
2025-08-25T19:13:09Z,AMZN,buy,5.8823,133.9037,134.388,1.12,9873.64
2025-08-25T22:19:48Z,MSFT,sell,0.993425,284.2621,281.1969,2.42,9876.06
2025-08-27T16:29:26Z,MSFT,sell,0.927365,281.1969,282.8379,-2.1,9873.96
2025-08-27T23:16:19Z,MSFT,buy,1.4783,282.8379,283.0107,-0.66,9873.3
2025-08-28T03:32:13Z,MSFT,buy,1.163,283.0107,284.3961,0.89,9874.19
2025-08-30T08:45:24Z,ETH-USD,sell,0.322371,1991.68,2005.16,-5.76,9868.43
2025-09-01T03:09:22Z,ETH-USD,buy,0.260453,2005.16,2015.97,1.66,9870.09
2025-09-02T19:46:22Z,ETH-USD,sell,0.245656,2015.97,1989.03,5.53,9875.62
2025-09-03T06:15:05Z,MSFT,buy,1.0945,284.3961,286.0543,1.13,9876.75
2025-09-04T00:52:58Z,NVDA,buy,1.2899,494.9373,499.944,5.05,9881.8
2025-09-04T10:11:21Z,EURUSD,buy,671.6291,0.614654,0.61833,1.56,9883.37
2025-09-06T01:37:11Z,BTC-USD,buy,0.026654,26633.63,26723.23,0.83,9884.19
2025-09-08T01:54:36Z,AMZN,sell,3.1305,134.388,131.1967,9.06,9893.26
2025-09-08T22:40:52Z,AMZN,buy,2.4416,131.1967,131.86,0.91,9894.17
2025-09-10T21:01:40Z,TSLA,sell,1.5406,189.7908,185.3946,6.13,9900.3
2025-09-11T18:30:31Z,TSLA,buy,2.3796,185.3946,181.362,-10.57,9889.73
2025-09-13T05:46:10Z,TSLA,sell,3.7236,181.362,181.6065,-2.4,9887.34
2025-09-14T21:16:19Z,AAPL,sell,3.6897,149.641,148.1976,4.11,9891.45
2025-09-15T22:14:45Z,AMZN,buy,3.671,131.86,124.4456,-28.28,9863.17
2025-09-16T20:28:42Z,AMZN,buy,2.9644,124.4456,121.1779,-10.5,9852.67
2025-09-17T01:16:24Z,AMZN,buy,3.3237,121.1779,121.7967,1.17,9853.84
2025-09-17T12:13:01Z,BTC-USD,sell,0.025335,26723.23,26849.43,-4.69,9849.15
2025-09-19T04:38:04Z,EURUSD,buy,991.1564,0.61833,0.600431,-19.09,9830.06
2025-09-19T23:42:01Z,EURUSD,sell,1204.051,0.600431,0.568838,36.45,9866.51
2025-09-20T17:49:38Z,EURUSD,sell,735.141,0.568838,0.551044,12.16,9878.67
2025-09-22T08:39:16Z,BTC-USD,sell,0.027712,26849.43,25855.74,25.9,9904.57
2025-09-24T02:31:13Z,ETH-USD,buy,0.337795,1989.03,1998.79,1.82,9906.39
2025-09-25T05:52:15Z,ETH-USD,sell,0.117481,1998.79,1902.35,10.81,9917.21
2025-09-26T16:57:55Z,ETH-USD,sell,0.394032,1902.35,1879.72,7.27,9924.48
2025-09-26T23:46:06Z,ETH-USD,sell,0.410793,1879.72,1798.72,31.57,9956.05
2025-09-27T14:45:40Z,TSLA,buy,3.7393,181.6065,181.8746,-0.49,9955.56
2025-09-28T21:42:43Z,TSLA,sell,2.199,181.8746,180.8271,1.42,9956.98
2025-09-29T06:37:47Z,TSLA,sell,3.9705,180.8271,178.9689,5.8,9962.78
2025-10-01T00:22:28Z,TSLA,sell,2.6244,178.9689,180.1719,-4.19,9958.59
2025-10-02T15:34:23Z,TSLA,buy,1.3214,180.1719,181.3496,1.03,9959.62
2025-10-04T19:27:41Z,AMZN,buy,4.8627,121.7967,122.2642,0.97,9960.59
2025-10-04T21:20:52Z,AMZN,buy,2.3806,122.2642,117.319,-12.41,9948.18
2025-10-06T05:49:17Z,MSFT,sell,0.857495,286.0543,287.6668,-1.92,9946.26
2025-10-06T08:26:10Z,MSFT,sell,1.5464,287.6668,288.56,-2.36,9943.9
2025-10-06T21:58:35Z,MSFT,sell,2.3474,288.56,289.9401,-4.73,9939.17
2025-10-07T21:02:12Z,AAPL,buy,5.2425,148.1976,141.4444,-37.11,9902.06
2025-10-08T00:54:03Z,AAPL,sell,1.6314,141.4444,141.8524,-1.17,9900.88
2025-10-08T23:08:13Z,AAPL,buy,3.6749,141.8524,142.7645,2.21,9903.09
2025-10-10T19:14:04Z,EURUSD,buy,1253.7068,0.551044,0.555724,4.35,9907.44
2025-10-11T03:23:04Z,ETH-USD,buy,0.398994,1798.72,1790.38,-4.91,9902.53
2025-10-12T20:00:26Z,MSFT,buy,2.1871,289.9401,278.5261,-26.36,9876.17
2025-10-14T14:37:39Z,MSFT,sell,2.0197,278.5261,277.1811,1.48,9877.65
2025-10-15T06:41:02Z,MSFT,sell,1.2032,277.1811,277.4006,-1.0,9876.65
2025-10-15T13:45:23Z,NVDA,sell,0.995918,499.944,501.1581,-2.3,9874.35
2025-10-17T13:13:21Z,NVDA,sell,0.693373,501.1581,488.7141,7.86,9882.21
2025-10-19T17:52:01Z,NVDA,buy,1.4976,488.7141,491.9112,3.18,9885.39
2025-10-20T02:31:15Z,AMZN,buy,3.3603,117.319,117.5131,-0.22,9885.17
2025-10-20T21:04:19Z,AMZN,buy,3.1683,117.5131,116.622,-3.64,9881.53
2025-10-23T01:20:04Z,MSFT,sell,2.0576,277.4006,278.4776,-3.47,9878.06
2025-10-25T05:25:46Z,NVDA,buy,0.88431,491.9112,475.6529,-15.33,9862.72
2025-10-25T12:10:22Z,NVDA,sell,0.943836,475.6529,468.5734,5.69,9868.42
2025-10-25T22:10:02Z,NVDA,sell,1.1221,468.5734,469.9282,-2.68,9865.74
2025-10-28T00:06:54Z,NVDA,sell,0.710095,469.9282,458.0889,7.67,9873.42
2025-10-29T17:23:50Z,NVDA,sell,0.471995,458.0889,460.8619,-1.78,9871.63
2025-10-30T17:32:14Z,NVDA,buy,1.594,460.8619,462.1264,0.4,9872.03
2025-10-31T16:39:49Z,NVDA,sell,1.5358,462.1264,438.1945,35.19,9907.22
2025-11-02T14:46:17Z,NVDA,sell,0.919072,438.1945,441.9199,-4.31,9902.91
2025-11-04T11:06:17Z,NVDA,buy,0.911465,441.9199,444.9625,1.89,9904.8
2025-11-06T08:52:26Z,NVDA,sell,1.4733,444.9625,447.4243,-5.07,9899.73
2025-11-07T10:49:51Z,BTC-USD,sell,0.025029,25855.74,25905.47,-2.67,9897.06
2025-11-08T19:26:36Z,BTC-USD,sell,0.023425,25905.47,25973.55,-2.93,9894.13
2025-11-08T22:10:12Z,MSFT,sell,1.2087,278.4776,265.3058,15.18,9909.31
2025-11-09T18:19:58Z,MSFT,buy,2.9505,265.3058,265.8352,-0.16,9909.15
2025-11-11T22:08:54Z,MSFT,buy,1.5263,265.8352,252.4063,-21.39,9887.76
2025-11-13T03:02:30Z,MSFT,sell,2.7014,252.4063,248.0007,10.4,9898.17
2025-11-13T12:03:29Z,TSLA,buy,1.4618,181.3496,182.6298,1.29,9899.45
2025-11-13T17:04:18Z,TSLA,sell,3.2696,182.6298,182.4208,-0.63,9898.82
2025-11-15T16:39:36Z,MSFT,sell,2.5913,248.0007,235.375,31.3,9930.13
2025-11-16T12:32:03Z,MSFT,buy,2.233,235.375,236.4799,1.31,9931.44
2025-11-18T14:23:28Z,MSFT,sell,1.3489,236.4799,225.5674,14.02,9945.46
2025-11-19T11:05:05Z,MSFT,buy,1.2013,225.5674,223.6161,-2.94,9942.52
2025-11-20T20:12:14Z,MSFT,buy,0.970422,223.6161,223.6862,-0.41,9942.11
2025-11-21T21:40:59Z,AAPL,sell,2.7963,142.7645,144.222,-4.95,9937.15
2025-11-23T04:09:11Z,AAPL,buy,2.9599,144.222,144.6045,0.19,9937.35
2025-11-24T20:19:10Z,AAPL,buy,1.7361,144.6045,145.5813,1.14,9938.49
2025-11-25T09:34:16Z,AAPL,sell,5.4307,145.5813,145.7602,-2.71,9935.78
2025-11-25T20:33:30Z,AAPL,sell,1.9115,145.7602,139.8963,10.6,9946.37
2025-11-27T12:24:14Z,AAPL,sell,5.434,139.8963,138.1348,7.9,9954.27
2025-11-28T16:21:53Z,AAPL,sell,3.5911,138.1348,136.8423,3.55,9957.82
2025-11-30T01:01:54Z,AMZN,buy,3.5303,116.622,116.9636,0.3,9958.12
2025-12-01T20:03:17Z,BTC-USD,buy,0.025989,25973.55,25276.61,-19.6,9938.53
2025-12-03T07:43:20Z,EURUSD,buy,558.4814,0.555724,0.558785,1.03,9939.55
2025-12-04T19:21:55Z,MSFT,buy,0.91383,223.6862,224.6036,0.39,9939.94
2025-12-05T02:18:07Z,MSFT,sell,2.0681,224.6036,224.6217,-1.06,9938.88
2025-12-06T18:35:29Z,MSFT,sell,2.0536,224.6217,226.2704,-4.4,9934.48
2025-12-07T18:34:13Z,TSLA,buy,2.9403,182.4208,174.5707,-24.26,9910.22
2025-12-09T11:14:18Z,TSLA,buy,3.3642,174.5707,168.2305,-22.62,9887.6
2025-12-09T22:05:06Z,TSLA,sell,3.62,168.2305,162.4323,19.65,9907.25
2025-12-10T08:31:47Z,AMZN,sell,4.3919,116.9636,112.0551,20.43,9927.67
2025-12-12T14:38:41Z,AMZN,buy,2.1042,112.0551,112.4703,0.36,9928.03
2025-12-13T11:06:42Z,NVDA,sell,1.5519,447.4243,442.4548,6.18,9934.21
2025-12-14T10:57:52Z,TSLA,sell,4.4741,162.4323,162.7922,-3.21,9931.0
2025-12-15T05:14:57Z,TSLA,buy,2.4958,162.7922,157.5475,-13.98,9917.02
2025-12-17T06:48:57Z,TSLA,sell,3.2928,157.5475,154.082,10.27,9927.29
2025-12-19T08:05:53Z,ETH-USD,sell,0.177137,1790.38,1706.33,14.19,9941.48
2025-12-21T01:53:21Z,NVDA,sell,1.3404,442.4548,426.3309,20.31,9961.79
2025-12-21T11:08:21Z,NVDA,sell,0.930701,426.3309,428.9475,-3.31,9958.48
2025-12-21T19:31:13Z,NVDA,sell,1.6641,428.9475,431.0561,-5.08,9953.4
2025-12-23T04:03:58Z,NVDA,buy,1.8428,431.0561,414.6806,-31.92,9921.48
2025-12-24T11:09:34Z,MSFT,sell,1.6284,226.2704,226.6269,-1.39,9920.09
2025-12-25T05:14:31Z,MSFT,sell,1.6953,226.6269,228.251,-3.6,9916.49
2025-12-25T08:33:47Z,MSFT,buy,2.7347,228.251,228.3351,-1.14,9915.34
2025-12-27T00:53:40Z,MSFT,buy,1.2453,228.3351,229.1687,0.41,9915.76
2025-12-28T14:52:13Z,EURUSD,buy,1206.1479,0.558785,0.544963,-18.15,9897.6
2025-12-29T07:25:23Z,BTC-USD,sell,0.015066,25276.61,25436.1,-3.24,9894.36
2025-12-30T02:24:39Z,BTC-USD,sell,0.025006,25436.1,25511.87,-3.29,9891.07
2025-12-31T01:48:23Z,BTC-USD,sell,0.027941,25511.87,25605.27,-4.18,9886.89
2026-01-02T01:52:18Z,TSLA,sell,2.0412,154.082,150.0611,7.52,9894.41
2026-01-02T23:07:42Z,TSLA,sell,5.2734,150.0611,150.9456,-6.41,9888.0
2026-01-04T00:27:06Z,TSLA,sell,2.9875,150.9456,145.4216,15.51,9903.51
2026-01-06T03:12:41Z,TSLA,sell,1.6966,145.4216,145.75,-1.1,9902.41
2026-01-06T22:41:15Z,TSLA,buy,1.913,145.75,146.1188,0.09,9902.5
2026-01-08T13:23:57Z,AMZN,buy,5.3234,112.4703,111.1143,-8.54,9893.97
2026-01-09T05:33:27Z,AMZN,sell,4.896,111.1143,111.2825,-2.02,9891.95
2026-01-10T17:40:11Z,GBPUSD,sell,292.3707,0.891193,0.864598,7.2,9899.15
2026-01-12T08:28:35Z,GBPUSD,buy,556.5026,0.864598,0.842027,-13.62,9885.53
2026-01-12T21:17:18Z,GBPUSD,buy,906.5215,0.842027,0.836398,-6.78,9878.75
2026-01-12T22:33:58Z,GBPUSD,buy,566.0025,0.836398,0.835515,-1.54,9877.21
2026-01-15T02:50:52Z,GBPUSD,sell,721.3654,0.835515,0.83978,-4.4,9872.81
2026-01-16T21:27:23Z,GBPUSD,buy,353.6723,0.83978,0.800536,-14.53,9858.27
2026-01-17T16:26:52Z,GBPUSD,sell,946.8348,0.800536,0.806171,-7.0,9851.27
2026-01-18T18:00:16Z,TSLA,buy,2.3164,146.1188,140.4864,-13.79,9837.48
2026-01-19T17:45:02Z,BTC-USD,sell,0.021903,25605.27,25587.45,-0.84,9836.64
2026-01-20T22:22:10Z,ETH-USD,sell,0.331836,1706.33,1714.2,-3.86,9832.78
2026-01-22T00:20:43Z,ETH-USD,sell,0.298781,1714.2,1715.23,-1.43,9831.34
2026-01-24T03:33:32Z,TSLA,sell,1.4983,140.4864,140.9901,-1.22,9830.13
2026-01-25T12:06:12Z,TSLA,sell,2.7572,140.9901,138.0243,7.32,9837.45
2026-01-27T02:48:02Z,TSLA,buy,3.629,138.0243,130.5981,-28.05,9809.4
2026-01-29T07:53:48Z,TSLA,buy,4.9189,130.5981,126.742,-20.38,9789.02
2026-01-31T11:49:03Z,AAPL,sell,1.68,136.8423,137.1635,-1.05,9787.97
2026-02-01T09:02:51Z,ETH-USD,sell,0.351514,1715.23,1654.05,20.18,9808.15
2026-02-02T12:10:03Z,EURUSD,sell,444.4159,0.544963,0.545872,-0.94,9807.21
2026-02-03T23:16:46Z,EURUSD,buy,643.4988,0.545872,0.548848,1.14,9808.35
2026-02-05T23:57:39Z,EURUSD,sell,809.4557,0.548848,0.551311,-2.97,9805.38
2026-02-07T14:52:51Z,ETH-USD,sell,0.343276,1654.05,1623.95,9.08,9814.47
2026-02-08T15:21:44Z,ETH-USD,sell,0.213673,1623.95,1616.22,0.89,9815.36
2026-02-10T21:03:15Z,ETH-USD,buy,0.334774,1616.22,1549.65,-23.48,9791.88
2026-02-12T01:43:52Z,ETH-USD,buy,0.468389,1549.65,1526.36,-12.51,9779.37
2026-02-12T15:52:27Z,ETH-USD,buy,0.311645,1526.36,1477.63,-16.23,9763.14
2026-02-14T17:48:33Z,ETH-USD,buy,0.215859,1477.63,1490.0,1.97,9765.11
2026-02-16T08:09:36Z,GBPUSD,sell,587.3979,0.806171,0.785004,11.39,9776.5
2026-02-17T18:15:51Z,GBPUSD,sell,510.36,0.785004,0.755572,14.14,9790.64
2026-02-19T10:12:43Z,EURUSD,buy,460.6147,0.551311,0.549086,-1.58,9789.06
2026-02-20T19:13:33Z,MSFT,buy,3.2405,229.1687,227.7249,-6.31,9782.74
2026-02-22T10:23:39Z,MSFT,buy,0.912659,227.7249,219.3055,-8.14,9774.6
2026-02-22T22:20:58Z,EURUSD,sell,775.2405,0.549086,0.530612,13.39,9787.99
2026-02-24T03:18:41Z,AAPL,buy,2.2291,137.1635,137.9756,1.14,9789.13
2026-02-24T16:32:37Z,BTC-USD,buy,0.013655,25587.45,25716.87,1.0,9790.12
2026-02-25T17:09:04Z,BTC-USD,buy,0.03042,25716.87,25767.99,-0.17,9789.96
2026-02-26T09:14:26Z,ETH-USD,buy,0.229457,1490.0,1452.95,-9.25,9780.7
2026-02-28T15:02:18Z,ETH-USD,buy,0.439643,1452.95,1458.86,1.19,9781.9
2026-03-02T18:52:48Z,ETH-USD,sell,0.162208,1458.86,1409.92,7.42,9789.32
2026-03-03T15:58:40Z,TSLA,sell,2.9351,126.742,127.3966,-2.74,9786.58
2026-03-05T07:19:55Z,TSLA,buy,3.124,127.3966,123.3983,-13.37,9773.21
2026-03-07T07:03:58Z,TSLA,sell,2.7484,123.3983,124.2676,-3.14,9770.08
2026-03-08T11:44:41Z,AAPL,sell,1.619,137.9756,135.7294,3.15,9773.22
2026-03-09T12:47:09Z,AMZN,buy,6.417,111.2825,107.0063,-29.01,9744.21
2026-03-10T00:45:32Z,AMZN,buy,3.5222,107.0063,106.0069,-4.35,9739.86
2026-03-12T01:30:39Z,AMZN,sell,2.7331,106.0069,107.3031,-4.18,9735.68
2026-03-14T03:46:14Z,AMZN,sell,5.7754,107.3031,106.412,3.78,9739.46
2026-03-14T10:23:41Z,AMZN,buy,2.2748,106.412,106.3067,-0.77,9738.69
2026-03-15T05:23:27Z,EURUSD,sell,626.9005,0.530612,0.531574,-1.33,9737.36
2026-03-17T08:00:25Z,EURUSD,buy,1050.335,0.531574,0.512767,-20.98,9716.37
2026-03-18T06:08:45Z,MSFT,sell,1.8189,219.3055,220.2475,-2.59,9713.78
2026-03-19T19:48:09Z,MSFT,sell,1.3132,220.2475,214.2747,7.21,9720.99
2026-03-21T12:43:14Z,MSFT,sell,1.2421,214.2747,215.4021,-1.99,9719.0
2026-03-23T11:07:23Z,MSFT,buy,2.2361,215.4021,216.1486,0.61,9719.61
2026-03-24T14:11:37Z,NVDA,buy,1.3782,414.6806,405.7243,-13.6,9706.01
2026-03-25T05:59:13Z,EURUSD,sell,1456.3728,0.512767,0.507045,6.69,9712.7
2026-03-26T09:39:14Z,EURUSD,sell,1518.196,0.507045,0.496512,14.3,9727.0
2026-03-28T06:57:20Z,MSFT,sell,2.3656,216.1486,206.2108,22.38,9749.38
2026-03-29T11:10:42Z,MSFT,buy,2.9278,206.2108,207.4688,2.35,9751.74
2026-03-30T08:20:50Z,MSFT,sell,2.3536,207.4688,208.756,-4.1,9747.64
2026-03-31T05:12:06Z,MSFT,sell,2.4224,208.756,209.3478,-2.55,9745.09
2026-04-01T02:49:03Z,AAPL,buy,2.5589,135.7294,135.6697,-0.92,9744.17
2026-04-01T15:44:29Z,BTC-USD,sell,0.015973,25767.99,25939.17,-3.64,9740.53
2026-04-02T05:30:54Z,BTC-USD,buy,0.020398,25939.17,26121.24,2.55,9743.08
2026-04-03T06:09:06Z,NVDA,sell,1.0882,405.7243,408.1804,-3.64,9739.44
2026-04-04T05:59:25Z,GBPUSD,buy,880.756,0.755572,0.759264,1.79,9741.23
2026-04-04T14:46:49Z,GBPUSD,sell,466.6224,0.759264,0.730621,12.59,9753.81
2026-04-05T23:52:04Z,EURUSD,buy,1168.5081,0.496512,0.475055,-26.35,9727.46
2026-04-07T19:09:11Z,EURUSD,buy,1030.5484,0.475055,0.454224,-22.54,9704.92
2026-04-08T07:25:41Z,EURUSD,sell,1096.5047,0.454224,0.455051,-2.0,9702.92
2026-04-08T19:42:38Z,EURUSD,sell,1663.2973,0.455051,0.446073,13.27,9716.18
2026-04-09T10:03:50Z,TSLA,sell,4.1131,124.2676,124.4958,-2.06,9714.12
2026-04-09T17:14:19Z,TSLA,buy,3.3251,124.4958,120.1933,-15.22,9698.9
2026-04-10T04:48:35Z,AMZN,buy,5.0777,106.3067,104.3419,-11.16,9687.74
2026-04-11T06:30:55Z,AMZN,buy,4.1316,104.3419,104.6252,0.22,9687.96
2026-04-12T05:03:56Z,AMZN,sell,6.3329,104.6252,102.1372,14.3,9702.26
2026-04-13T19:55:45Z,AMZN,sell,2.3287,102.1372,96.6231,12.32,9714.58
2026-04-15T07:36:59Z,AMZN,sell,5.0354,96.6231,91.8397,23.02,9737.59
2026-04-15T10:29:55Z,EURUSD,sell,492.7853,0.446073,0.448686,-1.77,9735.82
2026-04-15T17:51:01Z,EURUSD,buy,631.1133,0.448686,0.437014,-7.99,9727.83
2026-04-16T00:44:33Z,EURUSD,buy,1265.3951,0.437014,0.435151,-3.57,9724.26
2026-04-16T17:50:03Z,EURUSD,sell,1749.8616,0.435151,0.437277,-5.4,9718.86
2026-04-17T13:25:17Z,EURUSD,sell,1325.3548,0.437277,0.437875,-2.07,9716.8
2026-04-19T02:25:28Z,TSLA,sell,4.1618,120.1933,120.778,-3.53,9713.26
2026-04-21T03:56:15Z,TSLA,buy,5.3921,120.778,114.9597,-32.81,9680.46
2026-04-21T05:56:27Z,AMZN,buy,4.0716,91.8397,89.9525,-8.51,9671.95
2026-04-22T02:55:50Z,AMZN,sell,3.6656,89.9525,90.5733,-3.0,9668.95
2026-04-22T07:19:22Z,AMZN,sell,5.0592,90.5733,91.0373,-3.36,9665.59
2026-04-23T04:31:58Z,AMZN,sell,8.0754,91.0373,91.2344,-3.21,9662.38
2026-04-24T06:03:13Z,AAPL,sell,5.024,135.6697,130.8388,22.77,9685.16
2026-04-25T19:54:12Z,AAPL,buy,5.284,130.8388,124.6696,-34.12,9651.04
2026-04-26T16:01:33Z,AAPL,sell,4.5631,124.6696,125.371,-4.45,9646.59
2026-04-26T20:53:18Z,AAPL,buy,3.8378,125.371,125.6923,0.17,9646.76
2026-04-28T21:58:19Z,AAPL,sell,3.2201,125.6923,123.5688,5.95,9652.71
2026-04-30T21:01:45Z,AAPL,buy,5.6163,123.5688,122.0333,-10.15,9642.56
2026-05-01T21:16:25Z,NVDA,buy,0.608417,408.1804,395.9691,-7.98,9634.58
2026-05-02T02:51:15Z,NVDA,sell,1.4443,395.9691,397.9722,-4.15,9630.43
2026-05-02T06:43:56Z,NVDA,sell,1.114,397.9722,387.9068,10.24,9640.67
2026-05-03T18:48:10Z,NVDA,sell,1.5534,387.9068,390.3541,-5.13,9635.54
2026-05-04T17:43:35Z,MSFT,buy,2.3535,209.3478,210.7158,2.14,9637.68
2026-05-04T22:14:35Z,MSFT,buy,2.7996,210.7158,203.6485,-21.08,9616.59
2026-05-05T07:04:27Z,NVDA,sell,1.807,390.3541,374.1978,27.64,9644.23
2026-05-06T05:13:12Z,NVDA,buy,0.526975,374.1978,363.1254,-6.27,9637.97
2026-05-06T14:00:40Z,NVDA,buy,1.0411,363.1254,357.961,-6.21,9631.76
2026-05-06T20:13:44Z,NVDA,buy,0.962216,357.961,360.2722,1.47,9633.22
2026-05-07T14:38:05Z,NVDA,buy,1.4138,360.2722,363.4141,3.32,9636.55
2026-05-08T04:34:56Z,NVDA,sell,1.0923,363.4141,362.3298,0.31,9636.86
2026-05-10T05:38:42Z,NVDA,buy,1.6288,362.3298,364.8674,2.83,9639.69
2026-05-11T07:47:11Z,ETH-USD,buy,0.229056,1409.92,1343.9,-15.83,9623.86
2026-05-12T04:36:26Z,ETH-USD,sell,0.260185,1343.9,1344.09,-0.82,9623.04
2026-05-14T02:15:23Z,ETH-USD,buy,0.537095,1344.09,1349.79,1.47,9624.51
2026-05-15T23:42:30Z,ETH-USD,sell,0.155054,1349.79,1351.31,-0.7,9623.82
2026-05-16T19:57:36Z,EURUSD,sell,874.5168,0.437875,0.419701,15.05,9638.87
2026-05-18T10:09:48Z,MSFT,sell,2.3311,203.6485,204.4303,-2.87,9636.0
2026-05-19T18:45:04Z,MSFT,sell,3.402,204.4303,195.3898,29.23,9665.23
2026-05-21T21:15:19Z,MSFT,buy,2.7478,195.3898,196.3265,1.39,9666.62
2026-05-22T12:48:07Z,AMZN,buy,3.7158,91.2344,90.2342,-4.46,9662.16
2026-05-24T09:02:20Z,AMZN,buy,4.9482,90.2342,88.9935,-7.12,9655.04
2026-05-26T14:44:30Z,AMZN,buy,7.2654,88.9935,88.6523,-3.9,9651.14
2026-05-27T20:20:40Z,AMZN,sell,8.567,88.6523,85.3251,26.83,9677.97
2026-05-28T13:50:08Z,TSLA,buy,4.2849,114.9597,115.4152,0.87,9678.84
2026-05-29T07:55:14Z,TSLA,sell,3.76,115.4152,110.6285,17.04,9695.88
2026-05-31T09:48:53Z,AAPL,sell,5.9149,122.0333,119.2958,14.6,9710.48
2026-06-02T02:53:10Z,AAPL,sell,3.9191,119.2958,119.9353,-3.53,9706.95
2026-06-04T01:14:02Z,GBPUSD,sell,627.6705,0.730621,0.694113,21.91,9728.86
2026-06-06T05:35:26Z,GBPUSD,sell,801.0761,0.694113,0.689298,2.63,9731.49
2026-06-07T10:50:10Z,GBPUSD,buy,576.7639,0.689298,0.667426,-13.49,9718.0
2026-06-07T18:01:07Z,ETH-USD,sell,0.183811,1351.31,1333.41,2.74,9720.74
2026-06-07T21:02:06Z,ETH-USD,sell,0.547655,1333.41,1338.41,-4.35,9716.4
2026-06-08T20:51:33Z,ETH-USD,sell,0.51834,1338.41,1346.61,-5.77,9710.62
2026-06-09T19:08:18Z,ETH-USD,sell,0.32835,1346.61,1316.08,9.05,9719.67
2026-06-10T05:12:38Z,AMZN,buy,3.8707,85.3251,84.6777,-3.23,9716.44
2026-06-10T16:07:25Z,AMZN,sell,5.8087,84.6777,82.4231,12.01,9728.46
2026-06-11T09:47:35Z,AMZN,buy,5.2209,82.4231,79.9992,-13.6,9714.85
2026-06-12T06:44:53Z,MSFT,sell,1.2333,196.3265,194.1669,2.13,9716.98
2026-06-14T03:04:54Z,MSFT,buy,1.4929,194.1669,188.9713,-8.39,9708.59
2026-06-15T04:23:31Z,MSFT,buy,2.4012,188.9713,189.4453,0.14,9708.73
2026-06-15T11:22:02Z,MSFT,buy,2.9011,189.4453,185.0998,-13.82,9694.91
2026-06-15T21:31:04Z,MSFT,sell,3.1414,185.0998,177.1906,23.57,9718.48
2026-06-16T05:00:59Z,MSFT,sell,3.3881,177.1906,173.8637,9.95,9728.43
2026-06-16T22:26:30Z,EURUSD,buy,1312.0667,0.419701,0.42144,1.07,9729.5
2026-06-18T01:23:15Z,EURUSD,sell,1133.6846,0.42144,0.401637,21.4,9750.9
2026-06-19T05:22:34Z,AMZN,sell,3.5299,79.9992,80.4911,-2.36,9748.54
2026-06-19T20:19:28Z,NVDA,sell,0.701836,364.8674,355.9157,5.72,9754.26
2026-06-20T10:45:51Z,ETH-USD,buy,0.446552,1316.08,1327.52,3.81,9758.08
2026-06-21T01:14:50Z,ETH-USD,sell,0.281942,1327.52,1334.78,-2.87,9755.21
2026-06-21T20:54:13Z,MSFT,sell,2.4054,173.8637,174.6824,-2.89,9752.32
2026-06-24T00:07:10Z,MSFT,sell,4.068,174.6824,175.4043,-4.5,9747.82
2026-06-24T01:38:04Z,MSFT,buy,2.0022,175.4043,174.1827,-3.22,9744.6
2026-06-24T08:39:52Z,MSFT,sell,4.152,174.1827,172.4487,5.61,9750.21
2026-06-25T22:23:33Z,GBPUSD,buy,767.8042,0.667426,0.651249,-13.55,9736.66
2026-06-27T21:44:15Z,ETH-USD,sell,0.463852,1334.78,1299.5,15.0,9751.66
2026-06-29T02:27:03Z,ETH-USD,sell,0.522788,1299.5,1302.15,-2.88,9748.78
2026-06-29T12:35:16Z,AAPL,buy,3.848,119.9353,120.7949,2.29,9751.07
2026-06-30T07:45:31Z,AAPL,sell,4.8672,120.7949,120.8746,-1.68,9749.39
2026-07-01T17:13:41Z,MSFT,sell,1.9135,172.4487,172.8408,-1.48,9747.91
2026-07-03T08:13:25Z,EURUSD,buy,727.6194,0.401637,0.403737,0.88,9748.8
2026-07-03T12:29:48Z,EURUSD,buy,1811.1734,0.403737,0.404476,-0.27,9748.53
2026-07-04T03:25:38Z,TSLA,sell,6.2213,110.6285,106.6829,23.03,9771.56
2026-07-05T11:48:36Z,BTC-USD,buy,0.02906,26121.24,24919.34,-36.6,9734.96
2026-07-07T09:38:25Z,BTC-USD,sell,0.014751,24919.34,23907.96,14.11,9749.08
2026-07-08T19:06:07Z,BTC-USD,sell,0.01198,23907.96,23922.82,-0.81,9748.27
2026-07-09T09:55:35Z,BTC-USD,buy,0.030566,23922.82,23959.53,-0.49,9747.78
2026-07-09T15:46:37Z,BTC-USD,sell,0.015716,23959.53,22994.35,14.34,9762.12
2026-07-11T17:53:08Z,BTC-USD,buy,0.019394,22994.35,23144.17,1.92,9764.05
2026-07-13T01:29:55Z,TSLA,sell,2.9488,106.6829,102.72,10.99,9775.04
2026-07-14T07:07:46Z,TSLA,sell,4.0003,102.72,99.7054,11.16,9786.19
2026-07-14T11:38:36Z,TSLA,sell,3.8598,99.7054,96.3293,12.18,9798.38
2026-07-15T09:52:31Z,NVDA,sell,2.1945,355.9157,357.0601,-4.23,9794.15
2026-07-16T09:26:47Z,NVDA,buy,0.894506,357.0601,357.2097,-0.57,9793.58
2026-07-16T22:28:35Z,NVDA,sell,1.1347,357.2097,342.2125,16.13,9809.71
2026-07-17T15:34:35Z,NVDA,buy,1.9914,342.2125,344.3716,2.8,9812.51
2026-07-19T08:41:35Z,NVDA,buy,1.6272,344.3716,328.8474,-26.49,9786.01
2026-07-19T16:34:00Z,AMZN,buy,2.6936,80.4911,77.6419,-8.15,9777.86
2026-07-20T11:41:50Z,AMZN,sell,2.996,77.6419,74.2399,9.68,9787.54
2026-07-22T09:51:54Z,AMZN,sell,10.174,74.2399,71.6136,25.06,9812.6
2026-07-24T01:56:24Z,AMZN,sell,3.5791,71.6136,71.9413,-1.74,9810.86
2026-07-24T08:39:31Z,AMZN,buy,3.0457,71.9413,71.8291,-0.82,9810.04
2026-07-24T17:12:16Z,AMZN,sell,3.6051,71.8291,69.4622,7.96,9818.0
2026-07-25T04:27:39Z,AMZN,sell,3.6641,69.4622,66.124,11.67,9829.67
2026-07-25T17:49:05Z,NVDA,buy,1.1269,328.8474,330.0561,0.55,9830.22
2026-07-27T05:11:03Z,MSFT,sell,2.8045,172.8408,168.5223,11.04,9841.27
2026-07-27T08:01:34Z,MSFT,buy,3.547,168.5223,161.8301,-25.05,9816.21
2026-07-27T18:37:27Z,MSFT,buy,1.9254,161.8301,159.7053,-4.78,9811.44
2026-07-28T09:59:51Z,MSFT,buy,1.994,159.7053,154.7761,-10.53,9800.91
2026-07-28T12:59:26Z,MSFT,sell,2.955,154.7761,155.6039,-3.45,9797.45
2026-07-29T08:53:00Z,NVDA,sell,2.316,330.0561,322.5524,15.7,9813.15
2026-07-30T19:24:06Z,NVDA,buy,1.2104,322.5524,324.712,1.76,9814.91
2026-07-30T21:18:20Z,NVDA,sell,1.5273,324.712,314.0158,15.25,9830.15
2026-07-31T23:57:55Z,NVDA,sell,2.3879,314.0158,304.3512,21.43,9851.58
2026-08-01T12:36:54Z,NVDA,buy,2.5868,304.3512,301.5241,-9.05,9842.54
2026-08-02T19:51:20Z,NVDA,sell,1.1873,301.5241,301.6997,-1.0,9841.54
2026-08-04T08:04:37Z,AMZN,buy,6.2119,66.124,65.1639,-6.87,9834.67
2026-08-06T09:13:21Z,AMZN,sell,4.9268,65.1639,65.4267,-2.0,9832.67
2026-08-08T03:26:01Z,AMZN,sell,6.6883,65.4267,65.8781,-3.98,9828.69
2026-08-09T23:40:25Z,AMZN,sell,4.8864,65.8781,65.9618,-1.12,9827.57
2026-08-11T13:35:09Z,MSFT,sell,3.9187,155.6039,156.2349,-3.81,9823.76
2026-08-13T05:37:06Z,MSFT,sell,4.0835,156.2349,156.7274,-3.41,9820.34
2026-08-13T09:08:46Z,AAPL,buy,3.8718,120.8746,121.2487,0.42,9820.76
2026-08-14T16:55:12Z,ETH-USD,sell,0.425926,1302.15,1248.08,21.81,9842.57
2026-08-15T07:36:41Z,MSFT,sell,3.3939,156.7274,154.6968,5.72,9848.29
2026-08-16T03:03:34Z,MSFT,sell,1.4466,154.6968,155.3941,-1.5,9846.79
2026-08-17T13:17:24Z,MSFT,buy,3.8608,155.3941,148.0884,-29.53,9817.26
2026-08-19T10:18:59Z,MSFT,sell,1.8196,148.0884,145.9784,3.25,9820.51
2026-08-19T14:36:25Z,MSFT,buy,4.068,145.9784,146.3576,0.24,9820.75
2026-08-20T23:36:36Z,MSFT,buy,4.4968,146.3576,146.8903,0.95,9821.69
2026-08-21T22:34:20Z,MSFT,sell,4.1138,146.8903,141.7463,19.83,9841.53
2026-08-22T09:09:16Z,ETH-USD,buy,0.558557,1248.08,1251.34,0.29,9841.81
2026-08-23T10:19:19Z,ETH-USD,sell,0.222532,1251.34,1191.13,12.79,9854.6
2026-08-25T07:02:33Z,ETH-USD,sell,0.427528,1191.13,1198.31,-4.19,9850.41
2026-08-27T03:15:38Z,ETH-USD,buy,0.173856,1198.31,1195.43,-0.96,9849.45
2026-08-28T21:54:17Z,ETH-USD,sell,0.225555,1195.43,1207.13,-3.23,9846.22
2026-08-30T17:39:15Z,AAPL,sell,4.4838,121.2487,121.3755,-1.76,9844.46
2026-08-31T00:10:01Z,AAPL,sell,4.6527,121.3755,122.0399,-4.33,9840.12
2026-08-31T04:12:30Z,AAPL,sell,5.944,122.0399,121.8788,-0.64,9839.49
2026-08-31T21:40:59Z,AAPL,sell,5.3122,121.8788,120.6418,5.15,9844.63
2026-09-01T23:34:24Z,AAPL,buy,4.9842,120.6418,120.5207,-1.93,9842.71
2026-09-02T11:17:21Z,AAPL,sell,6.2937,120.5207,118.5757,10.57,9853.28
2026-09-04T12:58:25Z,TSLA,buy,7.7102,96.3293,96.5985,0.44,9853.72
2026-09-05T22:26:30Z,TSLA,sell,3.0065,96.5985,97.0952,-2.13,9851.59
2026-09-06T15:36:44Z,AAPL,buy,4.8622,118.5757,119.3358,2.43,9854.02
2026-09-07T11:35:56Z,BTC-USD,buy,0.030456,23144.17,22493.82,-21.36,9832.66
2026-09-08T09:58:44Z,BTC-USD,buy,0.017364,22493.82,22537.15,-0.11,9832.55
2026-09-09T20:58:09Z,BTC-USD,buy,0.030471,22537.15,22634.49,1.46,9834.01
2026-09-10T21:46:55Z,BTC-USD,buy,0.027251,22634.49,22113.55,-15.55,9818.45
2026-09-11T23:05:01Z,BTC-USD,buy,0.018112,22113.55,22101.43,-1.1,9817.35
2026-09-12T15:48:25Z,BTC-USD,sell,0.011238,22101.43,21189.57,9.7,9827.05
2026-09-13T10:04:53Z,AMZN,sell,11.7393,65.9618,65.847,-0.36,9826.7
2026-09-15T10:22:33Z,ETH-USD,buy,0.232042,1207.13,1164.15,-10.59,9816.11
2026-09-16T00:53:59Z,ETH-USD,sell,0.232066,1164.15,1147.1,3.36,9819.47
2026-09-18T03:32:43Z,NVDA,buy,1.0171,301.6997,285.9024,-16.74,9802.73
2026-09-18T21:16:50Z,ETH-USD,sell,0.385329,1147.1,1110.82,13.01,9815.74
2026-09-20T09:20:29Z,NVDA,sell,1.9141,285.9024,286.5191,-2.38,9813.35
2026-09-20T15:11:27Z,TSLA,buy,4.9818,97.0952,92.2179,-25.36,9787.99
2026-09-20T23:28:10Z,EURUSD,buy,732.2894,0.404476,0.393381,-8.78,9779.21
2026-09-21T20:59:40Z,AMZN,buy,10.6078,65.847,66.0467,0.58,9779.8
2026-09-22T04:39:19Z,AMZN,buy,10.0354,66.0467,64.0963,-21.03,9758.76
2026-09-23T18:24:31Z,ETH-USD,buy,0.618834,1110.82,1113.19,-0.05,9758.72
2026-09-24T11:48:08Z,AAPL,sell,3.5124,119.3358,119.2515,-0.63,9758.09
2026-09-24T21:18:35Z,EURUSD,buy,1852.1451,0.393381,0.392314,-3.58,9754.51
2026-09-25T08:34:36Z,EURUSD,buy,923.3558,0.392314,0.394434,1.16,9755.67
2026-09-27T02:03:28Z,NVDA,buy,0.961513,286.5191,288.1934,1.0,9756.68
2026-09-29T03:05:35Z,NVDA,sell,1.9739,288.1934,278.2628,18.35,9775.03
2026-09-30T17:00:54Z,NVDA,buy,1.682,278.2628,278.6027,-0.46,9774.57
2026-10-01T13:50:42Z,NVDA,buy,1.1739,278.6027,277.2496,-2.31,9772.26
2026-10-03T17:42:27Z,NVDA,sell,2.3188,277.2496,268.4208,19.06,9791.32
2026-10-05T02:43:17Z,NVDA,sell,1.5832,268.4208,269.3946,-2.48,9788.84
2026-10-06T00:36:04Z,NVDA,sell,1.1243,269.3946,271.344,-2.86,9785.98
2026-10-06T23:21:37Z,AMZN,sell,10.3476,64.0963,64.0339,-0.81,9785.17
2026-10-07T08:43:09Z,GBPUSD,buy,579.4556,0.651249,0.629168,-13.63,9771.55
2026-10-08T18:24:39Z,GBPUSD,sell,442.2185,0.629168,0.625507,1.01,9772.55
2026-10-10T11:46:32Z,GBPUSD,buy,1176.8401,0.625507,0.626615,-0.32,9772.24
2026-10-10T17:22:09Z,GBPUSD,buy,1018.1827,0.626615,0.612718,-15.55,9756.68
2026-10-12T17:48:53Z,BTC-USD,buy,0.036799,21189.57,21341.83,3.89,9760.57
2026-10-13T09:54:25Z,NVDA,sell,0.928384,271.344,269.314,1.33,9761.9
2026-10-14T21:29:23Z,GBPUSD,sell,1252.0697,0.612718,0.586552,31.08,9792.98
2026-10-16T16:10:22Z,ETH-USD,buy,0.692668,1113.19,1065.52,-34.71,9758.26
2026-10-16T20:23:28Z,ETH-USD,sell,0.722627,1065.52,1028.29,25.21,9783.47
2026-10-17T10:16:14Z,EURUSD,buy,1952.952,0.394434,0.383128,-23.77,9759.69
2026-10-17T15:27:20Z,ETH-USD,buy,0.289601,1028.29,1032.87,0.67,9760.37
2026-10-17T23:24:18Z,ETH-USD,buy,0.487447,1032.87,1041.27,2.99,9763.35
2026-10-19T03:56:10Z,ETH-USD,buy,0.418956,1041.27,1024.45,-8.01,9755.34
2026-10-21T00:39:21Z,EURUSD,buy,1766.7334,0.383128,0.381606,-4.18,9751.17
2026-10-22T18:54:48Z,EURUSD,buy,1952.0968,0.381606,0.364293,-35.44,9715.73
2026-10-24T08:21:13Z,EURUSD,sell,1374.5531,0.364293,0.36206,1.97,9717.7
2026-10-24T11:54:20Z,BTC-USD,buy,0.033422,21341.83,20579.56,-27.05,9690.65
2026-10-24T21:40:37Z,BTC-USD,buy,0.031585,20579.56,19621.65,-31.69,9658.97
2026-10-25T16:38:50Z,MSFT,sell,3.3874,141.7463,141.8627,-1.45,9657.52
2026-10-27T00:40:30Z,MSFT,sell,4.9185,141.8627,138.7483,13.78,9671.3
2026-10-27T05:52:24Z,MSFT,buy,2.6787,138.7483,135.312,-10.02,9661.28
2026-10-29T10:39:54Z,AMZN,sell,5.1231,64.0339,63.7619,0.67,9661.95
2026-10-29T20:31:17Z,MSFT,buy,4.4153,135.312,134.0949,-6.69,9655.26
2026-10-31T19:00:09Z,MSFT,sell,4.6282,134.0949,131.42,11.01,9666.27
2026-11-02T00:21:19Z,MSFT,buy,4.9857,131.42,129.4798,-11.12,9655.16
2026-11-03T21:48:38Z,AAPL,buy,4.4891,119.2515,115.3396,-18.74,9636.42
2026-11-04T18:00:18Z,MSFT,sell,1.8872,129.4798,128.0765,2.11,9638.53
2026-11-05T15:44:55Z,EURUSD,buy,1150.7231,0.36206,0.354568,-9.54,9628.99
2026-11-06T22:21:52Z,ETH-USD,sell,0.636992,1024.45,981.4852,25.93,9654.92
2026-11-09T00:50:23Z,ETH-USD,buy,0.510109,981.4852,933.8732,-25.39,9629.53
2026-11-10T05:05:57Z,ETH-USD,sell,0.58014,933.8732,940.3701,-4.96,9624.57
2026-11-11T01:49:59Z,AMZN,sell,9.8661,63.7619,61.1319,24.56,9649.14
2026-11-11T13:21:16Z,AMZN,buy,3.3993,61.1319,60.6527,-2.09,9647.05
2026-11-13T01:30:58Z,AMZN,buy,7.7338,60.6527,60.3266,-3.55,9643.5
2026-11-13T05:57:48Z,ETH-USD,sell,0.81342,940.3701,943.7129,-4.4,9639.09
2026-11-14T20:03:41Z,ETH-USD,buy,0.720479,943.7129,948.7145,2.11,9641.2
2026-11-14T23:53:50Z,ETH-USD,sell,0.227268,948.7145,928.2568,4.18,9645.38
2026-11-16T20:51:10Z,ETH-USD,sell,0.405844,928.2568,913.0024,5.36,9650.74
2026-11-17T12:43:54Z,ETH-USD,sell,0.46195,913.0024,914.3419,-1.55,9649.19
2026-11-19T07:52:18Z,MSFT,buy,2.1412,128.0765,128.2295,-0.28,9648.92
2026-11-20T21:42:23Z,MSFT,buy,4.9597,128.2295,128.7581,1.22,9650.14
2026-11-23T01:05:11Z,MSFT,sell,4.7432,128.7581,129.2762,-3.8,9646.34
2026-11-23T20:44:14Z,MSFT,buy,2.332,129.2762,125.3255,-9.88,9636.46
2026-11-25T02:14:53Z,MSFT,sell,1.8404,125.3255,120.5266,8.32,9644.79
2026-11-27T06:03:24Z,MSFT,sell,2.5807,120.5266,118.918,3.47,9648.25
2026-11-28T18:27:10Z,MSFT,sell,2.6785,118.918,118.1261,1.42,9649.67
2026-11-28T23:00:23Z,GBPUSD,buy,338.5081,0.586552,0.585543,-0.78,9648.9
2026-12-01T01:32:39Z,GBPUSD,sell,877.4605,0.585543,0.564339,17.48,9666.37
2026-12-01T03:31:12Z,GBPUSD,buy,1242.4845,0.564339,0.567,1.76,9668.14
2026-12-01T23:18:12Z,GBPUSD,buy,1029.1267,0.567,0.548569,-20.25,9647.88
2026-12-03T08:47:34Z,EURUSD,buy,987.027,0.354568,0.353122,-2.2,9645.69
2026-12-04T16:24:53Z,TSLA,sell,7.6202,92.2179,90.1254,14.4,9660.09
2026-12-06T17:44:17Z,TSLA,sell,6.6485,90.1254,90.3968,-3.12,9656.96
2026-12-08T17:47:38Z,TSLA,sell,4.1767,90.3968,87.0858,13.0,9669.96
2026-12-10T20:23:16Z,TSLA,sell,6.37,87.0858,87.3352,-2.81,9667.15
2026-12-12T06:03:51Z,TSLA,buy,6.6743,87.3352,86.0337,-9.97,9657.19
2026-12-14T01:19:18Z,TSLA,sell,2.4837,86.0337,81.6776,10.35,9667.53
2026-12-14T20:21:53Z,NVDA,sell,1.3539,269.314,268.1306,0.8,9668.33
2026-12-16T15:48:51Z,NVDA,sell,1.6772,268.1306,258.0573,15.91,9684.24
2026-12-16T22:19:19Z,NVDA,buy,2.8224,258.0573,259.234,1.72,9685.96
2026-12-17T14:12:26Z,NVDA,sell,2.7104,259.234,259.0318,-1.0,9684.96
2026-12-19T10:33:30Z,NVDA,sell,1.2229,259.0318,251.3573,8.69,9693.65
2026-12-19T15:40:28Z,NVDA,buy,1.4492,251.3573,252.5358,0.91,9694.56
2026-12-21T07:22:03Z,NVDA,sell,2.9029,252.5358,253.7527,-5.15,9689.41
2026-12-23T09:01:28Z,GBPUSD,buy,609.622,0.548569,0.549609,-0.1,9689.31
2026-12-25T04:44:09Z,NVDA,buy,3.001,253.7527,255.0076,2.09,9691.4
2026-12-27T08:39:07Z,ETH-USD,buy,0.521811,914.3419,880.5613,-18.68,9672.72
2026-12-29T09:36:59Z,ETH-USD,buy,0.597281,880.5613,854.1965,-16.9,9655.82
2026-12-31T14:14:02Z,ETH-USD,sell,0.495201,854.1965,859.7478,-3.68,9652.14
2026-12-31T20:16:41Z,BTC-USD,sell,0.031357,19621.65,19670.17,-2.87,9649.26
2027-01-03T01:18:22Z,BTC-USD,buy,0.014005,19670.17,19829.09,1.62,9650.88
2027-01-04T15:41:29Z,AAPL,buy,5.5149,115.3396,115.5323,-0.34,9650.55
2027-01-06T13:29:16Z,AAPL,buy,1.8774,115.5323,110.014,-10.84,9639.71
2027-01-07T13:36:33Z,AAPL,buy,1.8668,110.014,110.4369,0.34,9640.05
2027-01-08T20:29:24Z,AAPL,buy,3.424,110.4369,110.7869,0.37,9640.41
2027-01-09T22:57:32Z,AAPL,sell,2.7049,110.7869,109.4188,3.04,9643.46
2027-01-10T14:53:22Z,AAPL,buy,6.1564,109.4188,110.434,4.77,9648.22
2027-01-11T17:32:42Z,EURUSD,sell,1548.6476,0.353122,0.353637,-2.0,9646.22
2027-01-12T11:54:38Z,EURUSD,sell,736.6323,0.353637,0.35049,1.75,9647.97
2027-01-13T18:48:05Z,EURUSD,buy,2016.3752,0.35049,0.351429,0.34,9648.31
2027-01-14T11:04:43Z,EURUSD,sell,1663.8736,0.351429,0.351921,-2.1,9646.2
2027-01-15T07:38:36Z,EURUSD,buy,1003.8226,0.351921,0.353046,0.35,9646.56
2027-01-17T05:41:06Z,EURUSD,sell,695.9936,0.353046,0.353869,-1.11,9645.44
2027-01-19T10:30:15Z,MSFT,buy,4.3314,118.1261,119.11,3.14,9648.58
2027-01-20T02:08:36Z,MSFT,sell,4.8529,119.11,119.49,-3.12,9645.46
2027-01-20T13:42:27Z,MSFT,buy,6.2351,119.49,119.6993,-0.33,9645.13
2027-01-22T07:57:56Z,MSFT,buy,4.0159,119.6993,113.6353,-25.41,9619.72
2027-01-23T20:27:49Z,MSFT,sell,3.9183,113.6353,113.8781,-1.93,9617.79
2027-01-24T15:06:41Z,MSFT,sell,4.0742,113.8781,114.0655,-1.78,9616.0
2027-01-25T03:19:58Z,MSFT,sell,2.1547,114.0655,109.3682,9.58,9625.58
2027-01-25T09:01:03Z,MSFT,buy,5.5216,109.3682,110.0386,2.37,9627.96
2027-01-26T11:48:50Z,ETH-USD,sell,0.435575,859.7478,865.4406,-3.3,9624.65
2027-01-27T10:39:59Z,MSFT,sell,1.8232,110.0386,110.1877,-0.71,9623.94
2027-01-27T13:45:36Z,MSFT,sell,3.6837,110.1877,110.46,-1.9,9622.04
2027-01-28T04:49:42Z,BTC-USD,sell,0.014194,19829.09,19395.11,5.54,9627.59
2027-01-29T05:55:54Z,BTC-USD,buy,0.037316,19395.11,19431.3,-0.24,9627.34
2027-01-31T08:54:49Z,EURUSD,buy,678.8578,0.353869,0.352304,-1.59,9625.75
2027-02-01T00:46:47Z,EURUSD,buy,1726.4675,0.352304,0.353732,1.13,9626.88
2027-02-02T23:08:59Z,EURUSD,buy,1018.0335,0.353732,0.350041,-4.55,9622.33
2027-02-04T23:05:55Z,NVDA,buy,1.9994,255.0076,255.3272,-0.48,9621.85
2027-02-07T04:49:20Z,NVDA,buy,1.5639,255.3272,256.2619,0.58,9622.43
2027-02-09T01:02:13Z,NVDA,buy,2.0524,256.2619,245.0533,-24.16,9598.27
2027-02-10T18:16:56Z,NVDA,sell,1.0349,245.0533,245.5413,-1.06,9597.21
2027-02-11T11:15:09Z,NVDA,sell,1.5971,245.5413,243.7772,1.95,9599.16
2027-02-12T09:32:31Z,NVDA,sell,1.8917,243.7772,244.0367,-1.51,9597.66
2027-02-14T11:31:45Z,NVDA,sell,2.4868,244.0367,232.1262,28.28,9625.94
2027-02-15T15:08:33Z,NVDA,sell,2.7182,232.1262,233.7396,-5.77,9620.17
2027-02-15T23:49:01Z,NVDA,sell,2.7905,233.7396,235.0373,-5.06,9615.11
2027-02-17T07:59:55Z,NVDA,buy,2.2636,235.0373,235.365,-0.43,9614.68
2027-02-19T00:58:34Z,MSFT,buy,5.1116,110.46,110.8951,0.98,9615.66
2027-02-19T19:18:58Z,MSFT,sell,5.2158,110.8951,111.3834,-3.82,9611.84
2027-02-21T13:03:44Z,MSFT,sell,4.3052,111.3834,106.4763,20.07,9631.92
2027-02-21T22:35:26Z,MSFT,buy,4.3917,106.4763,107.0383,1.44,9633.35
2027-02-22T14:55:44Z,EURUSD,sell,2004.5846,0.350041,0.351089,-3.64,9629.71
2027-02-22T20:10:33Z,TSLA,buy,3.902,81.6776,78.0116,-15.01,9614.7
2027-02-23T10:10:14Z,TSLA,sell,4.211,78.0116,75.9933,7.78,9622.48
2027-02-24T09:42:37Z,TSLA,sell,7.11,75.9933,73.6388,15.55,9638.03
2027-02-24T21:45:42Z,TSLA,buy,3.7898,73.6388,72.1174,-6.38,9631.65
2027-02-26T07:24:09Z,NVDA,buy,0.869909,235.365,236.0348,0.13,9631.79
2027-02-27T02:00:54Z,ETH-USD,sell,0.825575,865.4406,869.4209,-4.86,9626.93
2027-02-28T17:51:32Z,ETH-USD,buy,0.780621,869.4209,828.3377,-33.56,9593.36
2027-03-02T14:44:55Z,ETH-USD,sell,0.279855,828.3377,832.3057,-1.62,9591.74
2027-03-03T13:53:05Z,ETH-USD,sell,0.376308,832.3057,835.6045,-1.93,9589.81
2027-03-04T07:49:55Z,ETH-USD,sell,0.839646,835.6045,837.9307,-3.5,9586.32
2027-03-05T12:10:45Z,ETH-USD,buy,0.778169,837.9307,811.2207,-22.22,9564.1
2027-03-07T03:02:36Z,TSLA,buy,8.183,72.1174,72.4007,1.02,9565.12
2027-03-08T12:17:12Z,NVDA,buy,2.6241,236.0348,236.8609,0.81,9565.92
2027-03-08T22:01:28Z,NVDA,buy,1.9917,236.8609,237.4202,0.08,9566.0
2027-03-10T16:18:09Z,NVDA,sell,0.907016,237.4202,227.0741,8.91,9574.91
2027-03-12T02:19:01Z,NVDA,buy,2.2682,227.0741,228.4746,2.04,9576.95
2027-03-13T18:56:08Z,NVDA,buy,1.7073,228.4746,230.5548,2.69,9579.65
2027-03-14T05:11:31Z,NVDA,buy,3.0315,230.5548,224.9518,-18.52,9561.12
2027-03-16T09:13:32Z,NVDA,buy,1.176,224.9518,226.6684,1.44,9562.56
2027-03-17T17:26:07Z,NVDA,sell,1.8144,226.6684,219.8929,11.39,9573.95
2027-03-18T10:00:50Z,EURUSD,buy,1912.8816,0.351089,0.350905,-1.83,9572.12
2027-03-19T15:34:45Z,EURUSD,sell,2013.5694,0.350905,0.351546,-2.84,9569.28
2027-03-20T22:47:51Z,EURUSD,sell,1073.8982,0.351546,0.339675,11.92,9581.19
2027-03-22T00:24:56Z,EURUSD,buy,873.5294,0.339675,0.334866,-4.85,9576.34
2027-03-22T14:11:38Z,EURUSD,buy,835.7286,0.334866,0.333813,-1.5,9574.85
2027-03-24T17:46:38Z,EURUSD,buy,2179.6544,0.333813,0.336034,3.24,9578.09
2027-03-24T23:34:29Z,EURUSD,sell,1610.5805,0.336034,0.338093,-4.51,9573.58
2027-03-25T23:33:42Z,GBPUSD,sell,744.3754,0.549609,0.530633,13.23,9586.8
2027-03-26T22:30:49Z,GBPUSD,buy,662.7451,0.530633,0.521659,-6.72,9580.08
2027-03-29T01:10:13Z,GBPUSD,buy,600.5915,0.521659,0.522225,-0.35,9579.73
2027-03-30T04:13:19Z,EURUSD,buy,1429.718,0.338093,0.33454,-6.14,9573.59
2027-04-01T07:14:56Z,EURUSD,buy,955.5895,0.33454,0.330275,-4.78,9568.81
2027-04-03T06:32:03Z,TSLA,sell,5.2562,72.4007,72.9275,-3.61,9565.2
2027-04-04T08:08:24Z,TSLA,sell,3.241,72.9275,73.0104,-0.79,9564.42
2027-04-04T13:50:45Z,TSLA,sell,3.8987,73.0104,73.3663,-2.01,9562.4
2027-04-06T00:07:31Z,AMZN,buy,5.8824,60.3266,58.126,-13.73,9548.68
2027-04-08T01:57:11Z,BTC-USD,sell,0.028502,19431.3,19566.93,-5.08,9543.59
2027-04-09T05:29:27Z,BTC-USD,buy,0.037466,19566.93,18728.04,-33.04,9510.55
2027-04-10T11:51:09Z,BTC-USD,sell,0.011809,18728.04,18758.29,-0.84,9509.71
2027-04-11T22:48:19Z,TSLA,buy,4.4943,73.3663,70.76,-12.44,9497.27
2027-04-13T05:02:22Z,TSLA,buy,10.3436,70.76,69.073,-19.06,9478.21
2027-04-15T03:50:28Z,TSLA,sell,4.7994,69.073,69.2895,-1.77,9476.44
2027-04-16T00:07:23Z,TSLA,sell,5.1521,69.2895,69.1095,0.14,9476.58
2027-04-16T13:36:04Z,TSLA,buy,9.9695,69.1095,69.5061,2.44,9479.02
2027-04-17T12:54:22Z,TSLA,buy,6.281,69.5061,69.4751,-1.16,9477.86
2027-04-19T09:31:58Z,BTC-USD,sell,0.02232,18758.29,18846.9,-2.9,9474.96
2027-04-20T15:50:46Z,MSFT,buy,7.0125,107.0383,107.3463,0.51,9475.47
2027-04-21T05:33:45Z,MSFT,sell,2.9476,107.3463,108.1306,-3.01,9472.46
2027-04-21T20:34:18Z,MSFT,buy,4.3885,108.1306,107.0932,-5.6,9466.87
2027-04-22T04:04:05Z,MSFT,sell,4.6611,107.0932,103.5483,15.43,9482.29
2027-04-24T08:02:28Z,MSFT,buy,2.7795,103.5483,104.1817,1.13,9483.42
2027-04-26T01:27:02Z,MSFT,sell,6.0466,104.1817,102.8745,6.52,9489.94
2027-04-27T20:57:52Z,AAPL,sell,3.6173,110.434,104.8387,19.36,9509.3
2027-04-28T13:27:26Z,AAPL,sell,6.4009,104.8387,105.103,-3.17,9506.13
2027-04-30T15:24:42Z,AAPL,buy,4.2002,105.103,100.5354,-20.16,9485.97
2027-05-01T15:59:36Z,AAPL,sell,2.1536,100.5354,96.3292,8.58,9494.56
2027-05-03T19:51:23Z,GBPUSD,buy,784.8126,0.522225,0.526461,2.42,9496.98
2027-05-05T08:15:14Z,TSLA,sell,3.0904,69.4751,69.9088,-1.81,9495.17
2027-05-06T08:31:54Z,TSLA,sell,6.4244,69.9088,70.1468,-2.52,9492.65
2027-05-07T00:04:42Z,TSLA,buy,9.1404,70.1468,70.3314,0.28,9492.93
2027-05-07T04:20:14Z,TSLA,buy,8.542,70.3314,70.7385,2.16,9495.08
2027-05-09T05:59:44Z,TSLA,buy,3.562,70.7385,68.6497,-7.99,9487.09
2027-05-09T11:15:46Z,EURUSD,buy,1033.9227,0.330275,0.330765,-0.24,9486.85
2027-05-10T08:23:46Z,EURUSD,sell,1307.2083,0.330765,0.332459,-3.16,9483.68
2027-05-12T00:58:26Z,ETH-USD,sell,0.669432,811.2207,811.4822,-1.37,9482.31
2027-05-14T05:07:20Z,GBPUSD,sell,1162.2381,0.526461,0.505197,23.37,9505.68
2027-05-14T07:02:49Z,GBPUSD,buy,627.8233,0.505197,0.49999,-3.97,9501.71
2027-05-15T02:35:50Z,EURUSD,sell,1503.517,0.332459,0.332824,-1.65,9500.06
2027-05-15T09:59:35Z,EURUSD,buy,1818.8797,0.332824,0.320487,-23.77,9476.29
2027-05-16T13:44:51Z,EURUSD,sell,1221.3299,0.320487,0.304292,18.92,9495.21
2027-05-17T10:32:57Z,EURUSD,sell,1866.5329,0.304292,0.305195,-2.94,9492.27
2027-05-18T10:39:51Z,GBPUSD,buy,424.3931,0.49999,0.504856,1.6,9493.87
2027-05-18T21:58:46Z,GBPUSD,sell,641.257,0.504856,0.490597,8.43,9502.3
2027-05-20T16:02:23Z,GBPUSD,buy,891.7473,0.490597,0.478774,-11.51,9490.8
2027-05-20T19:56:21Z,GBPUSD,sell,707.5088,0.478774,0.459708,12.74,9503.54
2027-05-23T00:38:09Z,GBPUSD,buy,581.2817,0.459708,0.460559,-0.09,9503.45
2027-05-24T20:03:55Z,GBPUSD,buy,1401.8111,0.460559,0.437733,-33.42,9470.03
2027-05-26T14:18:20Z,GBPUSD,sell,865.8046,0.437733,0.427283,8.21,9478.25
2027-05-26T18:21:43Z,GBPUSD,buy,1106.6894,0.427283,0.417841,-11.49,9466.76
2027-05-28T09:56:49Z,GBPUSD,buy,1020.5766,0.417841,0.414783,-4.06,9462.7
2027-05-28T22:59:43Z,MSFT,sell,3.5521,102.8745,103.0255,-1.34,9461.36
2027-05-30T04:48:34Z,MSFT,buy,5.7117,103.0255,103.6389,2.21,9463.57
2027-06-01T01:51:30Z,AMZN,buy,7.3834,58.126,55.2839,-21.93,9441.64
2027-06-03T06:23:22Z,ETH-USD,buy,0.673302,811.4822,774.3221,-26.22,9415.42
2027-06-03T08:05:50Z,ETH-USD,buy,0.651492,774.3221,776.4145,0.25,9415.67
2027-06-03T14:35:06Z,ETH-USD,sell,0.550944,776.4145,781.2983,-3.63,9412.04
2027-06-04T18:47:13Z,MSFT,buy,3.2753,103.6389,99.1237,-15.54,9396.5
2027-06-06T19:06:22Z,MSFT,buy,7.0721,99.1237,95.7154,-25.65,9370.86
2027-06-07T05:22:44Z,GBPUSD,sell,495.7023,0.414783,0.404626,4.58,9375.44
2027-06-08T16:06:31Z,GBPUSD,sell,588.3913,0.404626,0.384313,11.43,9386.87
2027-06-08T21:54:17Z,GBPUSD,sell,1022.2576,0.384313,0.385884,-2.47,9384.4
2027-06-09T12:08:39Z,BTC-USD,sell,0.027496,18846.9,18523.33,7.76,9392.15
2027-06-10T07:46:07Z,BTC-USD,buy,0.010856,18523.33,18539.39,-0.27,9391.89
2027-06-11T22:47:24Z,BTC-USD,sell,0.010712,18539.39,18604.62,-1.14,9390.75
2027-06-13T18:30:09Z,BTC-USD,buy,0.012042,18604.62,18686.15,0.49,9391.24
2027-06-13T20:40:43Z,ETH-USD,sell,0.849222,781.2983,753.7365,21.95,9413.19
2027-06-15T06:56:07Z,ETH-USD,buy,0.448151,753.7365,758.4135,1.35,9414.54
2027-06-17T05:26:43Z,ETH-USD,sell,0.452873,758.4135,731.1331,11.6,9426.14
2027-06-18T00:55:08Z,AAPL,sell,3.1098,96.3292,96.6103,-1.53,9424.6
2027-06-18T16:44:46Z,AAPL,sell,7.4427,96.6103,95.4167,7.3,9431.91
2027-06-19T13:10:05Z,AAPL,buy,2.8357,95.4167,95.4237,-0.58,9431.33
2027-06-21T01:02:12Z,NVDA,sell,2.8289,219.8929,208.9147,29.69,9461.02
2027-06-22T05:32:15Z,NVDA,buy,2.8971,208.9147,203.0429,-18.34,9442.67
2027-06-22T07:34:54Z,MSFT,sell,7.0566,95.7154,91.0305,31.57,9474.25
2027-06-24T04:04:29Z,MSFT,buy,4.0663,91.0305,89.9559,-5.18,9469.06
2027-06-25T00:21:16Z,MSFT,buy,2.8071,89.9559,88.8393,-3.69,9465.37
2027-06-26T07:53:57Z,GBPUSD,buy,494.4081,0.385884,0.387821,0.54,9465.91
2027-06-27T12:10:55Z,GBPUSD,buy,881.0106,0.387821,0.389179,0.44,9466.36
2027-06-28T13:10:10Z,ETH-USD,buy,0.640737,731.1331,726.263,-4.15,9462.21
2027-06-30T16:34:56Z,ETH-USD,buy,0.439115,726.263,728.6046,0.33,9462.53
2027-07-01T12:51:56Z,BTC-USD,buy,0.02083,18686.15,18811.91,1.76,9464.3
2027-07-03T04:07:41Z,BTC-USD,sell,0.031134,18811.91,18047.57,22.51,9486.8
2027-07-05T10:06:41Z,BTC-USD,sell,0.013778,18047.57,17394.15,8.46,9495.26
2027-07-07T07:21:59Z,BTC-USD,buy,0.013457,17394.15,17092.03,-4.58,9490.68
2027-07-07T17:02:03Z,BTC-USD,sell,0.017588,17092.03,17159.28,-1.84,9488.84
2027-07-09T04:13:06Z,BTC-USD,sell,0.040196,17159.28,16954.19,6.73,9495.56
2027-07-09T12:40:24Z,ETH-USD,buy,0.614871,728.6046,699.9364,-18.61,9476.95
2027-07-11T05:20:41Z,AMZN,buy,6.4483,55.2839,53.1084,-14.81,9462.14
2027-07-12T11:10:23Z,AMZN,buy,6.5301,53.1084,51.7939,-9.35,9452.79
2027-07-13T02:46:40Z,BTC-USD,sell,0.030762,16954.19,17009.66,-2.85,9449.94
2027-07-13T22:26:50Z,TSLA,buy,4.9673,68.6497,65.7759,-15.03,9434.91
2027-07-14T19:24:38Z,TSLA,sell,5.6164,65.7759,63.1854,13.74,9448.65
2027-07-15T13:24:09Z,TSLA,sell,4.2136,63.1854,62.6366,1.73,9450.37
2027-07-16T14:24:25Z,TSLA,sell,4.6282,62.6366,62.6642,-0.77,9449.61
2027-07-18T17:17:32Z,AMZN,buy,10.867,51.7939,50.9254,-10.68,9438.93
2027-07-19T23:27:43Z,AMZN,sell,9.4675,50.9254,51.0298,-2.05,9436.88
2027-07-21T04:05:23Z,AMZN,buy,3.763,51.0298,48.9731,-8.16,9428.72
2027-07-22T10:52:52Z,NVDA,buy,2.9475,203.0429,196.4046,-20.88,9407.84
2027-07-22T21:40:58Z,NVDA,buy,1.9824,196.4046,196.8022,-0.07,9407.77
2027-07-24T15:28:37Z,BTC-USD,sell,0.027359,17009.66,17034.51,-1.7,9406.07
2027-07-25T23:24:03Z,BTC-USD,buy,0.016594,17034.51,17110.82,0.64,9406.71
2027-07-27T01:55:39Z,BTC-USD,buy,0.038832,17110.82,16597.74,-21.39,9385.32
2027-07-28T22:57:04Z,BTC-USD,buy,0.022606,16597.74,16009.18,-14.13,9371.19
2027-07-29T09:01:53Z,BTC-USD,buy,0.017966,16009.18,15987.22,-1.03,9370.17
2027-07-30T11:15:43Z,TSLA,sell,9.9186,62.6642,62.9878,-4.58,9365.59
2027-07-31T17:07:18Z,ETH-USD,buy,0.67405,699.9364,678.0113,-15.82,9349.77
2027-08-01T02:49:16Z,ETH-USD,sell,0.372661,678.0113,672.0923,1.65,9351.42
2027-08-02T02:02:00Z,AAPL,buy,7.6266,95.4237,91.7475,-29.64,9321.78
2027-08-02T18:31:17Z,MSFT,buy,7.0045,88.8393,84.5166,-31.65,9290.14
2027-08-03T11:19:27Z,MSFT,sell,3.8347,84.5166,84.9651,-2.43,9287.71
2027-08-03T13:35:27Z,BTC-USD,sell,0.029261,15987.22,16088.29,-3.99,9283.72
2027-08-05T18:57:52Z,BTC-USD,sell,0.030271,16088.29,15939.09,3.44,9287.16
2027-08-07T21:53:09Z,BTC-USD,buy,0.039952,15939.09,15430.95,-21.7,9265.46
2027-08-08T17:01:26Z,BTC-USD,sell,0.040946,15430.95,15047.84,14.3,9279.76
2027-08-09T20:28:38Z,MSFT,buy,7.0449,84.9651,80.8631,-30.21,9249.54
2027-08-10T07:36:28Z,MSFT,buy,8.4833,80.8631,81.571,4.5,9254.04
2027-08-10T22:49:17Z,MSFT,buy,4.8069,81.571,78.2918,-16.63,9237.41
2027-08-13T04:12:55Z,MSFT,buy,9.3216,78.2918,75.9017,-23.89,9213.53
2027-08-13T11:10:23Z,NVDA,buy,1.2521,196.8022,191.2058,-7.55,9205.98
2027-08-14T20:43:40Z,NVDA,buy,2.7654,191.2058,191.8287,0.56,9206.54
2027-08-15T23:04:40Z,ETH-USD,sell,0.525033,672.0923,673.1596,-1.34,9205.2
2027-08-17T00:05:12Z,AAPL,buy,5.4189,91.7475,92.0374,0.48,9205.68
2027-08-17T14:21:46Z,AMZN,sell,6.4122,48.9731,49.1366,-1.74,9203.94
2027-08-18T21:37:30Z,AMZN,buy,11.2316,49.1366,48.7795,-5.22,9198.72
2027-08-20T01:17:06Z,AMZN,sell,4.5077,48.7795,48.7422,-0.32,9198.4
2027-08-21T09:06:23Z,AMZN,buy,13.8801,48.7422,48.9051,0.77,9199.17
2027-08-23T12:52:06Z,AMZN,sell,4.3197,48.9051,49.1688,-1.6,9197.57
2027-08-23T14:18:21Z,AMZN,sell,10.6239,49.1688,48.6958,3.88,9201.44
2027-08-25T19:59:48Z,ETH-USD,sell,0.756529,673.1596,658.1287,10.25,9211.7
2027-08-25T22:02:31Z,ETH-USD,buy,0.874197,658.1287,655.9004,-3.21,9208.48
2027-08-27T05:37:35Z,ETH-USD,sell,0.298124,655.9004,654.35,0.03,9208.51
2027-08-28T06:09:42Z,MSFT,buy,8.2827,75.9017,73.4211,-21.93,9186.58
2027-08-28T08:38:42Z,TSLA,sell,5.4486,62.9878,60.6584,11.94,9198.52
2027-08-28T19:45:07Z,TSLA,sell,6.5378,60.6584,59.7935,4.78,9203.3
2027-08-29T09:54:32Z,TSLA,buy,10.4022,59.7935,58.4476,-15.37,9187.94
2027-08-31T01:50:11Z,GBPUSD,sell,1879.1296,0.389179,0.385829,4.69,9192.62
2027-09-01T03:34:35Z,GBPUSD,buy,509.2188,0.385829,0.374346,-6.28,9186.34
2027-09-02T03:10:07Z,NVDA,sell,1.9215,191.8287,193.0773,-3.21,9183.13
2027-09-03T13:15:46Z,EURUSD,sell,1357.5547,0.305195,0.295131,12.75,9195.88
2027-09-04T17:02:37Z,NVDA,sell,2.0643,193.0773,193.698,-2.16,9193.72
2027-09-04T21:24:53Z,NVDA,buy,3.2403,193.698,193.6497,-1.54,9192.19
2027-09-05T08:16:43Z,BTC-USD,sell,0.041444,15047.84,14398.85,25.52,9217.71
2027-09-06T06:07:44Z,AAPL,buy,7.9302,92.0374,90.6075,-12.94,9204.77
2027-09-07T14:23:36Z,AMZN,sell,7.3107,48.6958,48.9638,-2.74,9202.03
2027-09-09T11:25:02Z,AMZN,buy,9.9793,48.9638,49.2373,1.65,9203.68
2027-09-10T00:03:16Z,AMZN,buy,8.8695,49.2373,49.4055,0.53,9204.21
2027-09-11T14:21:55Z,AMZN,sell,5.7574,49.4055,48.684,3.53,9207.74
2027-09-13T08:06:32Z,AMZN,sell,3.8854,48.684,47.5823,3.86,9211.6
2027-09-13T14:40:20Z,BTC-USD,buy,0.043338,14398.85,14471.86,1.79,9213.4
2027-09-13T18:03:50Z,BTC-USD,sell,0.040806,14471.86,14486.11,-1.88,9211.51
2027-09-14T02:56:54Z,ETH-USD,sell,0.426254,654.35,644.7915,3.46,9214.98
2027-09-15T02:18:45Z,EURUSD,buy,2234.017,0.295131,0.297221,3.22,9218.19
2027-09-15T14:15:25Z,EURUSD,sell,803.7527,0.297221,0.298137,-1.26,9216.93
2027-09-17T11:06:45Z,EURUSD,buy,770.8353,0.298137,0.288527,-7.91,9209.02
2027-09-18T22:29:04Z,EURUSD,buy,737.0327,0.288527,0.284052,-3.77,9205.25
2027-09-21T04:28:37Z,EURUSD,sell,2075.758,0.284052,0.285187,-3.65,9201.6
2027-09-22T19:40:49Z,TSLA,buy,10.3293,58.4476,58.7269,1.56,9203.16
2027-09-23T18:47:25Z,TSLA,sell,6.3263,58.7269,56.3794,14.03,9217.19
2027-09-25T21:23:53Z,TSLA,buy,6.9844,56.3794,56.2394,-1.84,9215.35
2027-09-27T11:49:10Z,TSLA,sell,5.7686,56.2394,56.063,0.3,9215.65
2027-09-28T23:22:08Z,AAPL,buy,8.1047,90.6075,91.0346,1.85,9217.5
2027-09-30T14:16:51Z,AAPL,sell,2.044,91.0346,86.7308,8.39,9225.88
2027-10-02T04:33:00Z,AAPL,sell,4.2734,86.7308,87.121,-2.48,9223.4
2027-10-04T05:15:14Z,AAPL,sell,2.7553,87.121,82.5782,11.99,9235.39
2027-10-04T21:46:27Z,AAPL,buy,5.385,82.5782,79.7758,-16.07,9219.32
2027-10-07T03:34:11Z,AAPL,sell,8.4324,79.7758,76.1245,29.31,9248.63
2027-10-08T00:40:17Z,ETH-USD,sell,1.004,644.7915,646.978,-3.62,9245.01
2027-10-08T13:53:42Z,ETH-USD,sell,0.879056,646.978,631.1094,12.7,9257.71
2027-10-10T18:55:59Z,ETH-USD,buy,0.476615,631.1094,636.8387,2.07,9259.78
2027-10-12T23:53:38Z,EURUSD,buy,1433.3527,0.285187,0.284984,-1.19,9258.59
2027-10-14T15:43:18Z,EURUSD,sell,2435.5283,0.284984,0.277116,17.63,9276.22
2027-10-16T17:29:35Z,BTC-USD,buy,0.049637,14486.11,14068.82,-22.29,9253.93
2027-10-18T15:03:23Z,BTC-USD,buy,0.041785,14068.82,14114.22,0.6,9254.53
2027-10-20T01:48:23Z,BTC-USD,buy,0.041742,14114.22,14207.58,2.6,9257.13
2027-10-22T00:40:34Z,AAPL,buy,2.7248,76.1245,75.8685,-1.15,9255.98
2027-10-22T15:42:54Z,BTC-USD,buy,0.038371,14207.58,13585.76,-25.06,9230.92
2027-10-23T21:11:26Z,BTC-USD,sell,0.017215,13585.76,13272.95,4.87,9235.79
2027-10-25T07:51:45Z,GBPUSD,buy,1716.2013,0.374346,0.360167,-25.75,9210.04
2027-10-26T03:02:29Z,AMZN,sell,10.0125,47.5823,46.3213,11.58,9221.62
2027-10-27T11:53:38Z,AMZN,sell,8.2446,46.3213,46.5418,-2.66,9218.96
2027-10-28T19:19:36Z,AMZN,buy,10.5473,46.5418,46.6162,-0.29,9218.67
2027-10-30T07:13:56Z,TSLA,sell,7.7637,56.063,53.5048,18.9,9237.57
2027-10-30T12:24:16Z,GBPUSD,sell,1557.9208,0.360167,0.361082,-2.66,9234.91
2027-10-30T21:55:04Z,AMZN,sell,11.5022,46.6162,46.8373,-3.72,9231.19
2027-10-31T15:03:31Z,BTC-USD,sell,0.046388,13272.95,13057.5,8.64,9239.83
2027-11-02T05:16:02Z,BTC-USD,sell,0.020115,13057.5,12972.04,1.14,9240.97
2027-11-03T20:26:36Z,BTC-USD,buy,0.022923,12972.04,12746.2,-5.83,9235.14
2027-11-04T04:26:49Z,BTC-USD,sell,0.043319,12746.2,12583.88,5.82,9240.95
2027-11-04T22:40:26Z,NVDA,sell,3.0285,193.6497,184.4455,26.58,9267.54
2027-11-06T20:15:36Z,ETH-USD,sell,0.676454,636.8387,629.9859,3.69,9271.23
2027-11-09T00:24:00Z,ETH-USD,buy,0.507307,629.9859,605.2703,-13.24,9257.99
2027-11-10T07:10:19Z,EURUSD,sell,2609.6295,0.277116,0.265685,28.24,9286.23
2027-11-11T19:14:34Z,EURUSD,buy,1850.3735,0.265685,0.267099,1.53,9287.76
2027-11-12T00:49:11Z,EURUSD,buy,2538.4554,0.267099,0.266106,-4.01,9283.75
2027-11-13T04:28:05Z,EURUSD,sell,1408.8758,0.266106,0.266148,-0.88,9282.87
2027-11-13T10:11:34Z,EURUSD,sell,2725.8035,0.266148,0.257502,21.97,9304.84
2027-11-14T12:12:17Z,EURUSD,sell,2730.2976,0.257502,0.245168,32.13,9336.97
2027-11-15T01:31:42Z,EURUSD,buy,2951.6004,0.245168,0.246958,3.69,9340.66
2027-11-16T22:24:40Z,AMZN,sell,8.0922,46.8373,46.542,1.56,9342.21
2027-11-18T15:16:00Z,AMZN,sell,7.9206,46.542,46.4055,0.27,9342.48
2027-11-18T23:56:23Z,GBPUSD,sell,1386.5819,0.361082,0.361297,-1.4,9341.09
2027-11-19T20:02:18Z,GBPUSD,buy,1375.979,0.361297,0.359285,-3.86,9337.22
2027-11-20T05:13:36Z,GBPUSD,buy,1630.3793,0.359285,0.352956,-11.61,9325.62
2027-11-21T08:50:45Z,GBPUSD,sell,600.763,0.352956,0.344168,4.81,9330.43
2027-11-22T22:54:02Z,NVDA,sell,3.1591,184.4455,185.0356,-3.15,9327.28
2027-11-24T11:20:19Z,NVDA,sell,2.4833,185.0356,179.1767,13.54,9340.82
2027-11-25T07:49:57Z,NVDA,sell,2.8919,179.1767,177.4702,3.8,9344.62
2027-11-26T02:34:52Z,MSFT,buy,5.1274,73.4211,74.0112,2.2,9346.81
2027-11-26T17:24:37Z,MSFT,buy,6.0493,74.0112,74.498,1.96,9348.77
2027-11-27T10:21:30Z,MSFT,sell,6.3876,74.498,74.6013,-1.71,9347.07
2027-11-29T11:42:00Z,EURUSD,buy,799.6904,0.246958,0.248217,0.57,9347.64
2027-11-30T09:51:09Z,EURUSD,sell,2739.837,0.248217,0.247586,0.23,9347.87
2027-12-02T11:59:19Z,BTC-USD,buy,0.030574,12583.88,12408.12,-6.22,9341.65
2027-12-03T13:38:06Z,GBPUSD,sell,1815.917,0.344168,0.332915,19.06,9360.71
2027-12-05T10:33:30Z,GBPUSD,sell,2041.0234,0.332915,0.323384,17.96,9378.67
2027-12-06T08:53:02Z,GBPUSD,buy,1502.6959,0.323384,0.324064,-0.05,9378.62
2027-12-07T02:39:25Z,GBPUSD,sell,758.0465,0.324064,0.322288,0.81,9379.43
2027-12-09T05:13:15Z,EURUSD,buy,1804.4001,0.247586,0.248829,1.26,9380.69
2027-12-11T05:50:23Z,BTC-USD,buy,0.023431,12408.12,11875.17,-13.13,9367.56
2027-12-13T09:01:26Z,BTC-USD,buy,0.044274,11875.17,11570.31,-14.65,9352.91
2027-12-15T11:29:41Z,BTC-USD,buy,0.061678,11570.31,11613.66,1.1,9354.01
2027-12-17T11:22:06Z,EURUSD,sell,2179.5574,0.248829,0.250146,-4.06,9349.95
2027-12-17T18:02:12Z,GBPUSD,sell,1429.6044,0.322288,0.323678,-3.0,9346.94
2027-12-19T21:02:45Z,GBPUSD,buy,809.3739,0.323678,0.315121,-7.5,9339.44
2027-12-19T23:58:26Z,GBPUSD,sell,1791.8294,0.315121,0.315632,-2.16,9337.29
2027-12-20T01:42:54Z,GBPUSD,sell,1427.5731,0.315632,0.315792,-1.22,9336.07
2027-12-22T07:31:41Z,GBPUSD,sell,837.1093,0.315792,0.307772,6.13,9342.2
2027-12-22T23:24:06Z,GBPUSD,buy,2025.1433,0.307772,0.308665,0.44,9342.64
2027-12-25T03:33:18Z,GBPUSD,sell,979.4247,0.308665,0.308811,-0.81,9341.83
2027-12-25T08:17:43Z,GBPUSD,buy,776.3451,0.308811,0.300067,-7.32,9334.51
2027-12-27T08:00:11Z,EURUSD,buy,1709.7064,0.250146,0.250792,0.16,9334.68
2027-12-27T22:16:45Z,EURUSD,buy,1131.411,0.250792,0.250514,-0.94,9333.74
2027-12-28T08:11:04Z,EURUSD,buy,2295.7716,0.250514,0.239952,-25.51,9308.22
2027-12-28T12:08:18Z,NVDA,buy,3.5874,177.4702,172.9407,-17.65,9290.57
2027-12-28T18:12:46Z,EURUSD,sell,998.4889,0.239952,0.229489,9.92,9300.49
2027-12-29T21:52:35Z,MSFT,buy,4.4199,74.6013,72.244,-11.14,9289.35
2027-12-31T16:19:31Z,MSFT,buy,8.3535,72.244,72.6722,2.25,9291.6
2028-01-01T17:13:53Z,MSFT,sell,7.8805,72.6722,73.0629,-4.34,9287.26
2028-01-03T06:20:35Z,NVDA,sell,3.0863,172.9407,173.6847,-3.47,9283.79
2028-01-04T04:58:29Z,NVDA,buy,4.0255,173.6847,171.7034,-9.51,9274.28
2028-01-04T13:04:43Z,NVDA,buy,3.3514,171.7034,167.1865,-16.4,9257.87
2028-01-06T12:48:47Z,NVDA,buy,1.7988,167.1865,164.4346,-5.61,9252.26
2028-01-07T13:14:04Z,AAPL,buy,6.6067,75.8685,72.0328,-26.44,9225.82
2028-01-08T07:26:26Z,AAPL,buy,9.911,72.0328,72.5864,3.92,9229.73
2028-01-09T11:59:56Z,AAPL,buy,7.571,72.5864,69.2527,-26.45,9203.28
2028-01-10T21:52:42Z,AMZN,sell,11.0997,46.4055,46.4043,-1.12,9202.16
2028-01-12T01:00:24Z,AMZN,sell,14.6025,46.4043,46.0793,3.26,9205.42
2028-01-13T20:30:18Z,GBPUSD,buy,634.5025,0.300067,0.299244,-0.94,9204.48
2028-01-15T05:07:10Z,GBPUSD,sell,1792.3917,0.299244,0.289307,16.63,9221.11
2028-01-16T15:43:06Z,NVDA,buy,1.7305,164.4346,164.8019,0.01,9221.12
2028-01-17T13:58:50Z,BTC-USD,buy,0.052733,11613.66,11159.89,-25.28,9195.84
2028-01-17T23:55:58Z,AMZN,sell,5.646,46.0793,45.0812,5.06,9200.91
2028-01-18T12:25:16Z,AMZN,buy,7.1959,45.0812,43.6432,-11.06,9189.85
2028-01-20T15:14:25Z,NVDA,buy,3.4097,164.8019,165.9827,2.79,9192.64
2028-01-22T08:20:47Z,NVDA,buy,3.1072,165.9827,164.8431,-4.68,9187.96
2028-01-22T14:27:02Z,NVDA,buy,1.6054,164.8431,165.4527,0.4,9188.36
2028-01-24T07:28:22Z,NVDA,buy,3.7069,165.4527,165.9017,0.32,9188.67
2028-01-25T08:16:20Z,AAPL,buy,9.6059,69.2527,66.1461,-31.31,9157.37
2028-01-26T19:09:43Z,AAPL,sell,9.1837,66.1461,66.3185,-2.92,9154.45
2028-01-27T20:16:15Z,EURUSD,sell,2030.6936,0.229489,0.222904,12.35,9166.79
2028-01-28T20:36:42Z,TSLA,buy,10.974,53.5048,50.9313,-29.53,9137.26
2028-01-29T18:57:00Z,GBPUSD,buy,635.3972,0.289307,0.29182,1.19,9138.45
2028-01-30T16:19:03Z,GBPUSD,sell,1719.0092,0.29182,0.294073,-4.97,9133.48
2028-02-01T08:19:32Z,GBPUSD,sell,2187.4279,0.294073,0.295008,-3.46,9130.02
2028-02-03T02:02:36Z,GBPUSD,buy,961.2834,0.295008,0.283254,-11.92,9118.09
2028-02-03T18:35:54Z,GBPUSD,sell,1487.4957,0.283254,0.276111,9.7,9127.79
2028-02-05T22:10:37Z,GBPUSD,buy,965.4164,0.276111,0.273626,-2.99,9124.81
2028-02-06T20:33:00Z,AAPL,sell,4.0584,66.3185,66.657,-1.97,9122.84
2028-02-08T19:47:24Z,AAPL,sell,3.9791,66.657,64.1939,9.22,9132.06
2028-02-09T00:17:45Z,AAPL,sell,5.687,64.1939,64.4827,-2.45,9129.61
2028-02-09T14:33:37Z,ETH-USD,sell,0.949182,605.2703,607.1194,-3.02,9126.59
2028-02-10T18:37:06Z,ETH-USD,sell,1.1568,607.1194,608.976,-3.69,9122.9
2028-02-12T10:53:19Z,ETH-USD,buy,0.315926,608.976,611.715,0.44,9123.34
2028-02-12T23:37:59Z,ETH-USD,buy,1.1737,611.715,614.3307,1.49,9124.83
2028-02-15T00:22:09Z,ETH-USD,buy,0.991663,614.3307,587.9821,-27.47,9097.36
2028-02-16T20:22:11Z,ETH-USD,buy,0.360291,587.9821,563.6856,-9.22,9088.14
2028-02-18T13:19:35Z,MSFT,buy,5.7792,73.0629,73.4978,1.58,9089.73
2028-02-20T03:15:17Z,MSFT,sell,6.5609,73.4978,69.9591,22.16,9111.88
2028-02-21T09:17:34Z,MSFT,sell,8.0891,69.9591,66.2865,28.46,9140.35
2028-02-21T17:44:45Z,NVDA,sell,2.838,165.9017,164.1464,3.95,9144.29
2028-02-23T17:38:48Z,NVDA,sell,1.8183,164.1464,157.8521,10.79,9155.08
2028-02-23T20:26:06Z,NVDA,sell,3.1149,157.8521,150.7618,21.0,9176.08
2028-02-25T02:20:04Z,NVDA,buy,4.5526,150.7618,146.4958,-20.93,9155.15
2028-02-26T04:15:06Z,GBPUSD,sell,2369.009,0.273626,0.274623,-3.79,9151.37
2028-02-27T10:18:10Z,MSFT,sell,4.9374,66.2865,65.5856,2.74,9154.11
2028-02-28T11:46:45Z,MSFT,buy,7.1917,65.5856,65.6597,-0.51,9153.6
2028-02-29T00:47:46Z,EURUSD,buy,2015.7926,0.222904,0.223059,-0.68,9152.92
2028-03-02T04:24:52Z,EURUSD,buy,1414.9649,0.223059,0.220477,-4.35,9148.58
2028-03-03T02:00:28Z,EURUSD,buy,2179.6376,0.220477,0.220697,-0.58,9148.0
2028-03-03T10:07:42Z,EURUSD,buy,2454.2529,0.220697,0.219834,-3.31,9144.69
2028-03-05T12:16:16Z,EURUSD,sell,2425.3803,0.219834,0.210898,20.5,9165.19
2028-03-07T07:23:41Z,GBPUSD,sell,2231.9558,0.274623,0.267163,15.3,9180.49
2028-03-07T23:54:39Z,GBPUSD,buy,1953.6961,0.267163,0.256342,-22.29,9158.2
2028-03-08T11:16:24Z,GBPUSD,sell,1232.0624,0.256342,0.258328,-3.14,9155.06
2028-03-08T15:49:04Z,GBPUSD,buy,776.7509,0.258328,0.259267,0.29,9155.35
2028-03-10T21:31:07Z,GBPUSD,buy,2258.1232,0.259267,0.260613,1.75,9157.1
2028-03-12T03:16:02Z,GBPUSD,buy,1140.7703,0.260613,0.261973,0.9,9158.0
2028-03-12T09:05:16Z,NVDA,buy,3.0309,146.4958,140.9319,-17.84,9140.16
2028-03-13T00:16:08Z,NVDA,sell,4.2884,140.9319,137.6158,12.89,9153.05
2028-03-14T14:58:25Z,NVDA,sell,2.4584,137.6158,138.4614,-2.82,9150.22
2028-03-16T16:58:31Z,AMZN,buy,9.3261,43.6432,43.7213,-0.17,9150.06
2028-03-17T07:55:53Z,AMZN,sell,5.7001,43.7213,42.3211,7.43,9157.49
2028-03-18T09:03:04Z,GBPUSD,buy,1364.2901,0.261973,0.249656,-17.59,9139.9
2028-03-18T21:00:39Z,EURUSD,sell,2332.593,0.210898,0.212022,-3.7,9136.2
2028-03-19T02:30:50Z,ETH-USD,buy,0.631528,563.6856,547.5043,-11.0,9125.19
2028-03-20T04:59:27Z,ETH-USD,buy,0.50381,547.5043,542.8947,-2.93,9122.26
2028-03-20T22:55:06Z,GBPUSD,sell,1367.9067,0.249656,0.250255,-1.57,9120.69
2028-03-22T02:33:00Z,MSFT,buy,5.7356,65.6597,65.7452,-0.34,9120.36
2028-03-23T09:29:30Z,NVDA,buy,1.924,138.4614,133.8623,-9.43,9110.92
2028-03-25T04:56:48Z,NVDA,buy,1.4674,133.8623,134.459,0.44,9111.37
2028-03-26T14:40:18Z,EURUSD,sell,1066.7039,0.212022,0.213239,-1.8,9109.57
2028-03-28T17:55:11Z,MSFT,sell,8.8964,65.7452,64.3274,11.33,9120.9
2028-03-30T16:31:37Z,MSFT,sell,9.7535,64.3274,64.6147,-4.18,9116.71
2028-04-01T21:38:21Z,MSFT,sell,5.7872,64.6147,64.9194,-2.59,9114.13
2028-04-02T18:32:58Z,MSFT,sell,9.1574,64.9194,63.0411,15.89,9130.02
2028-04-03T09:02:47Z,MSFT,buy,3.305,63.0411,63.444,0.87,9130.89
2028-04-04T23:41:20Z,MSFT,sell,4.2997,63.444,60.4322,12.35,9143.24
2028-04-06T15:26:04Z,MSFT,buy,4.1948,60.4322,61.0093,1.86,9145.11
2028-04-08T11:35:04Z,MSFT,buy,11.6209,61.0093,61.0359,-1.25,9143.86
2028-04-10T05:59:53Z,MSFT,sell,8.6159,61.0359,61.2561,-3.05,9140.8
2028-04-11T00:38:03Z,MSFT,sell,11.6403,61.2561,59.6081,17.62,9158.42
2028-04-11T11:54:10Z,EURUSD,sell,3162.6102,0.213239,0.214525,-5.55,9152.87
2028-04-11T22:37:43Z,EURUSD,sell,886.6552,0.214525,0.204365,8.59,9161.46
2028-04-13T00:29:43Z,MSFT,sell,6.6719,59.6081,59.0293,2.99,9164.44
2028-04-14T11:14:51Z,MSFT,sell,5.4416,59.0293,58.5091,2.12,9166.57
2028-04-16T14:24:09Z,BTC-USD,buy,0.049215,11159.89,11200.18,0.77,9167.34
2028-04-16T19:17:42Z,BTC-USD,buy,0.056045,11200.18,10693.33,-29.79,9137.55
2028-04-16T22:13:38Z,TSLA,sell,13.3048,50.9313,50.8998,-1.07,9136.48
2028-04-18T02:26:33Z,TSLA,sell,10.2851,50.8998,50.1,7.07,9143.56
2028-04-20T06:38:17Z,TSLA,sell,6.1562,50.1,49.7798,1.29,9144.85
2028-04-20T17:55:02Z,TSLA,sell,13.9169,49.7798,50.0578,-5.39,9139.46
2028-04-22T14:42:42Z,TSLA,buy,11.9278,50.0578,47.6152,-30.45,9109.01
2028-04-23T01:21:34Z,GBPUSD,sell,1514.5486,0.250255,0.246794,4.41,9113.41
2028-04-24T10:20:41Z,GBPUSD,buy,1682.0792,0.246794,0.248143,1.36,9114.77
2028-04-25T04:58:01Z,GBPUSD,sell,1364.587,0.248143,0.248983,-1.89,9112.88
2028-04-25T10:31:30Z,GBPUSD,sell,1376.2636,0.248983,0.23712,15.57,9128.45
2028-04-26T08:41:12Z,GBPUSD,sell,2473.7395,0.23712,0.230502,15.08,9143.53
2028-04-27T14:27:04Z,ETH-USD,sell,1.0976,542.8947,514.6172,29.73,9173.26
2028-04-29T04:59:53Z,MSFT,sell,7.1411,58.5091,58.7291,-2.49,9170.77
2028-05-01T07:26:05Z,ETH-USD,buy,0.773137,514.6172,500.6089,-11.71,9159.06
2028-05-03T04:08:20Z,NVDA,buy,1.5466,134.459,135.2168,0.71,9159.78
2028-05-04T21:38:08Z,ETH-USD,buy,0.804778,500.6089,484.2455,-14.06,9145.72
2028-05-05T09:25:07Z,EURUSD,sell,1778.2877,0.204365,0.204754,-1.49,9144.23
2028-05-05T22:28:06Z,EURUSD,sell,2451.2104,0.204754,0.205285,-2.4,9141.82
2028-05-07T06:13:44Z,NVDA,buy,5.1686,135.2168,135.4334,-0.42,9141.41
2028-05-08T15:42:58Z,NVDA,buy,1.4916,135.4334,136.1893,0.68,9142.09
2028-05-08T18:55:46Z,NVDA,sell,2.9503,136.1893,132.6981,9.42,9151.51
2028-05-10T10:05:09Z,NVDA,sell,2.6556,132.6981,127.869,12.05,9163.55
2028-05-11T07:57:52Z,NVDA,sell,4.4207,127.869,125.646,8.58,9172.14
2028-05-12T23:54:10Z,NVDA,buy,3.0126,125.646,124.5847,-4.03,9168.11
2028-05-14T07:26:52Z,TSLA,sell,6.1934,47.6152,45.3889,13.14,9181.25
2028-05-14T12:27:05Z,TSLA,sell,13.0913,45.3889,44.3406,12.42,9193.66
2028-05-15T21:41:58Z,TSLA,buy,10.7468,44.3406,44.5553,1.26,9194.92
2028-05-16T23:58:21Z,TSLA,buy,9.5574,44.5553,42.3667,-21.85,9173.07
2028-05-17T02:09:05Z,GBPUSD,sell,1429.4668,0.230502,0.229771,0.32,9173.39
2028-05-19T00:39:54Z,NVDA,buy,2.4562,124.5847,118.8388,-14.79,9158.6
2028-05-20T09:30:59Z,MSFT,sell,5.8017,58.7291,55.6125,17.33,9175.94
2028-05-21T05:06:50Z,ETH-USD,sell,1.0169,484.2455,464.2913,19.21,9195.14
2028-05-22T12:51:37Z,TSLA,sell,13.1173,42.3667,40.1737,27.54,9222.69
2028-05-23T18:02:07Z,GBPUSD,sell,2478.4456,0.229771,0.220317,22.18,9244.87
2028-05-25T18:10:41Z,BTC-USD,buy,0.02082,10693.33,10712.09,-0.1,9244.77
2028-05-27T14:10:56Z,BTC-USD,buy,0.033912,10712.09,10745.64,0.34,9245.1
2028-05-27T19:45:57Z,BTC-USD,sell,0.031226,10745.64,10733.28,-0.35,9244.75
2028-05-29T05:56:33Z,AMZN,sell,13.2548,42.3211,42.5262,-3.95,9240.8
2028-05-29T10:48:07Z,TSLA,sell,4.6231,40.1737,40.5182,-2.0,9238.8
2028-05-31T08:51:15Z,TSLA,buy,6.4919,40.5182,40.4562,-0.98,9237.82
2028-06-01T14:40:25Z,TSLA,sell,6.5434,40.4562,40.6572,-1.9,9235.92
2028-06-02T07:40:56Z,BTC-USD,sell,0.065794,10733.28,10596.6,7.44,9243.36
2028-06-04T11:18:09Z,BTC-USD,sell,0.032269,10596.6,10598.93,-0.83,9242.53
2028-06-06T10:07:15Z,BTC-USD,buy,0.049883,10598.93,10298.11,-16.17,9226.36
2028-06-06T13:00:02Z,BTC-USD,sell,0.031421,10298.11,10375.17,-3.13,9223.23
2028-06-07T17:55:33Z,BTC-USD,buy,0.06829,10375.17,9919.23,-32.7,9190.53
2028-06-07T23:26:15Z,BTC-USD,buy,0.021554,9919.23,9935.63,-0.12,9190.42
2028-06-08T00:57:25Z,BTC-USD,sell,0.025701,9935.63,9728.03,4.77,9195.19
2028-06-08T10:26:34Z,BTC-USD,sell,0.031154,9728.03,9762.07,-1.73,9193.46
2028-06-10T05:49:09Z,BTC-USD,sell,0.022134,9762.07,9809.02,-1.51,9191.95
2028-06-12T06:43:12Z,BTC-USD,buy,0.069085,9809.02,9855.57,1.72,9193.67
2028-06-12T21:27:05Z,BTC-USD,buy,0.032592,9855.57,9865.2,-0.39,9193.28
2028-06-13T14:13:29Z,BTC-USD,sell,0.057505,9865.2,9800.87,2.45,9195.73
2028-06-15T15:08:49Z,BTC-USD,buy,0.034317,9800.87,9817.52,-0.17,9195.56
2028-06-15T18:34:15Z,BTC-USD,buy,0.064813,9817.52,9596.19,-15.74,9179.82
2028-06-17T10:20:19Z,BTC-USD,sell,0.04805,9596.19,9632.66,-2.77,9177.05
2028-06-17T19:42:42Z,EURUSD,sell,1940.5553,0.205285,0.206231,-2.71,9174.34
2028-06-19T19:48:04Z,NVDA,buy,3.8334,118.8388,119.0766,-0.09,9174.25
2028-06-20T03:50:58Z,NVDA,sell,2.9838,119.0766,114.1719,13.85,9188.1
2028-06-21T03:28:14Z,BTC-USD,buy,0.030002,9632.66,9154.73,-14.97,9173.13
2028-06-22T04:27:15Z,BTC-USD,buy,0.064933,9154.73,8835.03,-22.07,9151.06
2028-06-23T08:01:00Z,BTC-USD,buy,0.031704,8835.03,8589.07,-8.41,9142.65
2028-06-23T20:26:42Z,TSLA,buy,16.9086,40.6572,40.6455,-1.71,9140.94
2028-06-25T07:03:13Z,TSLA,sell,13.2712,40.6455,39.0529,19.95,9160.89
2028-06-27T11:55:57Z,NVDA,sell,5.8532,114.1719,114.7251,-4.71,9156.18
2028-06-28T22:25:16Z,MSFT,sell,9.9694,55.6125,54.8865,6.02,9162.2
2028-06-29T12:31:44Z,MSFT,sell,13.349,54.8865,52.2847,33.12,9195.32
2028-07-01T01:30:22Z,MSFT,sell,10.2449,52.2847,52.6921,-5.35,9189.96
2028-07-01T13:12:25Z,MSFT,sell,4.6859,52.6921,52.9502,-1.75,9188.21
2028-07-03T15:36:24Z,BTC-USD,sell,0.072951,8589.07,8221.55,25.43,9213.64
2028-07-03T23:14:17Z,BTC-USD,sell,0.081959,8221.55,8247.6,-3.62,9210.03
2028-07-04T03:46:12Z,GBPUSD,sell,2927.5896,0.220317,0.209533,30.15,9240.18
2028-07-06T03:39:11Z,GBPUSD,buy,1824.2561,0.209533,0.210453,0.84,9241.02
2028-07-06T07:58:47Z,MSFT,buy,7.7186,52.9502,51.5147,-11.98,9229.04
2028-07-07T03:18:18Z,NVDA,sell,5.8386,114.7251,110.0658,25.73,9254.77
2028-07-09T03:21:29Z,NVDA,buy,4.6177,110.0658,110.2248,-0.38,9254.38
2028-07-10T06:48:24Z,EURUSD,buy,1236.7435,0.206231,0.207291,0.75,9255.13
2028-07-10T17:31:43Z,EURUSD,buy,3198.3974,0.207291,0.200203,-24.13,9231.0
2028-07-10T21:55:02Z,EURUSD,sell,3564.5781,0.200203,0.198596,4.16,9235.16
2028-07-13T01:08:37Z,EURUSD,sell,3274.9647,0.198596,0.199864,-5.58,9229.58
2028-07-13T06:02:48Z,EURUSD,sell,3338.4285,0.199864,0.195125,14.35,9243.93
2028-07-13T18:16:04Z,BTC-USD,sell,0.084423,8247.6,8263.23,-2.85,9241.08
2028-07-14T07:11:01Z,BTC-USD,sell,0.082897,8263.23,8008.58,19.6,9260.68
2028-07-16T03:56:01Z,AAPL,sell,5.2704,64.4827,65.0031,-3.49,9257.19
2028-07-17T20:52:30Z,AAPL,sell,8.7595,65.0031,65.1156,-2.24,9254.96
2028-07-18T08:02:52Z,BTC-USD,buy,0.075372,8008.58,7681.63,-25.97,9228.98
2028-07-20T02:34:12Z,BTC-USD,sell,0.079139,7681.63,7519.59,11.49,9240.47
2028-07-20T18:22:58Z,BTC-USD,buy,0.037612,7519.59,7571.24,1.32,9241.79
2028-07-22T07:51:53Z,GBPUSD,buy,1994.2779,0.210453,0.211314,0.79,9242.59
2028-07-23T08:46:36Z,AMZN,sell,16.1127,42.5262,42.8237,-6.3,9236.28
2028-07-24T17:06:32Z,AMZN,sell,8.1588,42.8237,42.6541,0.61,9236.9
2028-07-25T23:44:28Z,TSLA,sell,8.9205,39.0529,38.058,8.11,9245.01
2028-07-27T12:23:30Z,BTC-USD,sell,0.088555,7571.24,7203.99,31.05,9276.05
2028-07-28T01:39:50Z,BTC-USD,sell,0.042035,7203.99,7232.01,-1.84,9274.21
2028-07-28T19:18:14Z,BTC-USD,buy,0.03841,7232.01,6893.65,-13.61,9260.6
2028-07-28T21:49:44Z,BTC-USD,buy,0.062918,6893.65,6659.04,-15.72,9244.89
2028-07-29T11:09:12Z,MSFT,buy,13.5795,51.5147,51.9084,3.81,9248.69
2028-07-31T02:01:47Z,MSFT,buy,5.3023,51.9084,49.507,-13.34,9235.36
2028-08-01T14:32:56Z,MSFT,buy,4.1064,49.507,48.5873,-4.22,9231.13
2028-08-01T22:43:22Z,MSFT,buy,5.94,48.5873,47.0411,-9.82,9221.31
2028-08-02T19:37:07Z,MSFT,buy,8.1419,47.0411,47.1859,0.34,9221.65
2028-08-03T18:33:04Z,MSFT,sell,8.3361,47.1859,45.3931,14.08,9235.73
2028-08-05T17:51:45Z,MSFT,sell,11.5932,45.3931,44.1411,13.36,9249.08
2028-08-06T12:00:39Z,MSFT,buy,13.1136,44.1411,43.5326,-9.25,9239.83
2028-08-07T06:08:26Z,MSFT,sell,10.5871,43.5326,42.2855,12.19,9252.02
2028-08-07T15:32:58Z,GBPUSD,sell,1161.4461,0.211314,0.206994,4.48,9256.5
2028-08-08T08:32:57Z,GBPUSD,buy,2512.8937,0.206994,0.207437,-0.03,9256.47
2028-08-09T12:44:33Z,EURUSD,sell,964.9719,0.195125,0.188157,6.31,9262.78
2028-08-11T14:51:27Z,EURUSD,sell,3595.2191,0.188157,0.183635,14.77,9277.55
2028-08-13T20:19:04Z,MSFT,buy,16.6073,42.2855,42.5896,3.5,9281.05
2028-08-15T11:32:58Z,MSFT,buy,10.3471,42.5896,41.676,-10.42,9270.63
2028-08-16T01:50:20Z,MSFT,sell,6.6413,41.676,41.8103,-1.5,9269.13
2028-08-17T23:47:35Z,GBPUSD,buy,1308.8773,0.207437,0.208126,0.31,9269.43
2028-08-18T16:47:19Z,GBPUSD,sell,2407.4477,0.208126,0.209489,-4.38,9265.05
2028-08-20T05:25:34Z,GBPUSD,buy,1609.4026,0.209489,0.207198,-4.43,9260.62
2028-08-20T20:14:39Z,EURUSD,sell,2767.9283,0.183635,0.184192,-2.66,9257.96
2028-08-21T06:07:18Z,EURUSD,sell,2943.2245,0.184192,0.184581,-2.34,9255.62
2028-08-22T17:48:39Z,AAPL,buy,3.5596,65.1156,62.5881,-9.51,9246.12
2028-08-23T18:40:04Z,AMZN,sell,11.1529,42.6541,41.5935,10.78,9256.9
2028-08-24T20:02:43Z,AMZN,buy,9.8449,41.5935,41.7123,0.27,9257.17
2028-08-27T01:23:04Z,EURUSD,buy,2520.6961,0.184581,0.177595,-18.63,9238.53
2028-08-27T20:41:06Z,EURUSD,sell,1877.3053,0.177595,0.17754,-0.63,9237.9
2028-08-29T04:42:38Z,EURUSD,sell,3281.5814,0.17754,0.17456,8.5,9246.4
2028-08-31T02:42:08Z,EURUSD,sell,1595.4778,0.17456,0.175116,-1.5,9244.9
2028-08-31T20:16:43Z,MSFT,buy,15.4959,41.8103,41.9099,0.12,9245.02
2028-09-02T03:23:24Z,MSFT,buy,13.0116,41.9099,42.0914,1.16,9246.18
2028-09-02T22:50:26Z,MSFT,buy,16.3699,42.0914,40.12,-33.79,9212.39
2028-09-03T16:28:30Z,MSFT,buy,8.1086,40.12,38.2317,-16.03,9196.37
2028-09-04T22:20:01Z,EURUSD,buy,2311.7942,0.175116,0.175404,-0.23,9196.14
2028-09-04T23:53:04Z,EURUSD,sell,3693.2919,0.175404,0.174892,0.47,9196.61
2028-09-06T20:45:42Z,EURUSD,buy,4120.2161,0.174892,0.17528,0.01,9196.62
2028-09-07T18:25:18Z,GBPUSD,buy,1479.4987,0.207198,0.208425,1.14,9197.76
2028-09-08T23:47:20Z,GBPUSD,sell,3392.6962,0.208425,0.20239,18.92,9216.68
2028-09-09T15:53:47Z,GBPUSD,sell,1118.0743,0.20239,0.203309,-1.53,9215.15
2028-09-10T13:08:39Z,TSLA,sell,5.4579,38.058,38.1728,-1.08,9214.07
2028-09-11T04:36:16Z,TSLA,buy,10.3535,38.1728,36.1456,-21.86,9192.21
2028-09-12T10:01:12Z,BTC-USD,sell,0.036109,6659.04,6676.79,-1.17,9191.04
2028-09-14T01:59:10Z,BTC-USD,sell,0.107144,6676.79,6695.44,-3.57,9187.47
2028-09-14T17:15:51Z,BTC-USD,sell,0.0698,6695.44,6372.59,21.51,9208.98
2028-09-15T15:51:19Z,ETH-USD,sell,0.995368,464.2913,445.46,17.73,9226.71
2028-09-17T10:35:30Z,ETH-USD,sell,0.701105,445.46,446.986,-1.76,9224.95
2028-09-19T06:03:31Z,ETH-USD,buy,0.693798,446.986,447.67,-0.21,9224.74
2028-09-19T13:51:47Z,ETH-USD,buy,1.3822,447.67,438.8682,-13.53,9211.21
2028-09-20T10:39:50Z,ETH-USD,sell,1.6593,438.8682,421.0551,27.96,9239.17
2028-09-21T16:09:03Z,ETH-USD,buy,1.3269,421.0551,421.5396,-0.59,9238.58
2028-09-22T10:20:41Z,ETH-USD,buy,1.0381,421.5396,405.7731,-17.33,9221.25
2028-09-24T07:49:05Z,BTC-USD,sell,0.056508,6372.59,6118.18,13.58,9234.84
2028-09-24T19:17:11Z,BTC-USD,buy,0.049103,6118.18,5837.08,-14.46,9220.37
2028-09-26T19:17:35Z,AAPL,sell,11.5032,62.5881,62.8693,-4.82,9215.55
2028-09-28T23:41:38Z,AAPL,buy,10.8799,62.8693,60.8144,-23.86,9191.69
2028-09-29T12:12:56Z,AAPL,buy,4.6047,60.8144,58.3258,-12.08,9179.62
2028-10-01T14:43:13Z,EURUSD,sell,3273.1602,0.17528,0.175819,-3.03,9176.59
2028-10-03T11:59:25Z,EURUSD,buy,3824.7195,0.175819,0.175869,-1.29,9175.3
2028-10-05T11:56:11Z,EURUSD,buy,3115.8636,0.175869,0.176515,0.81,9176.11
2028-10-06T04:47:32Z,EURUSD,buy,4102.5561,0.176515,0.171295,-23.01,9153.1
2028-10-08T10:00:57Z,EURUSD,sell,3066.7431,0.171295,0.172103,-3.63,9149.47
2028-10-08T23:47:32Z,AAPL,buy,11.9815,58.3258,55.4867,-35.55,9113.92
2028-10-10T16:31:12Z,AAPL,buy,12.5914,55.4867,55.8187,2.64,9116.56
2028-10-12T05:19:43Z,AMZN,sell,16.0258,41.7123,41.9762,-5.7,9110.86
2028-10-13T10:51:44Z,AMZN,buy,4.4932,41.9762,41.2265,-3.78,9107.08
2028-10-15T06:19:21Z,AMZN,buy,6.5935,41.2265,40.0886,-8.1,9098.98
2028-10-16T21:11:12Z,AMZN,buy,13.313,40.0886,40.1446,-0.43,9098.55
2028-10-18T03:58:17Z,AMZN,buy,17.024,40.1446,40.4308,3.37,9101.92
2028-10-20T04:31:36Z,AMZN,sell,8.5547,40.4308,39.3085,8.84,9110.76
2028-10-20T10:27:50Z,AMZN,sell,8.355,39.3085,39.501,-2.33,9108.43
2028-10-22T03:57:30Z,NVDA,sell,2.8831,110.2248,111.2341,-3.61,9104.82
2028-10-23T07:22:18Z,AMZN,sell,14.9649,39.501,39.577,-2.44,9102.38
2028-10-23T18:33:49Z,MSFT,sell,11.0353,38.2317,38.0554,1.02,9103.4
2028-10-25T10:51:17Z,MSFT,buy,18.1138,38.0554,38.2266,1.58,9104.98
2028-10-26T23:28:00Z,MSFT,sell,6.8265,38.2266,38.4286,-1.95,9103.03
2028-10-27T06:14:15Z,MSFT,buy,10.761,38.4286,38.512,-0.01,9103.01
2028-10-29T01:24:28Z,MSFT,sell,16.5542,38.512,38.2312,3.25,9106.26
2028-10-30T01:12:09Z,MSFT,buy,12.8099,38.2312,38.463,1.89,9108.15
2028-10-30T11:21:07Z,MSFT,sell,16.0045,38.463,38.1938,2.95,9111.11
2028-11-01T00:58:15Z,MSFT,buy,5.4432,38.1938,38.4342,0.85,9111.96
2028-11-03T02:54:11Z,MSFT,buy,5.4149,38.4342,38.3518,-0.9,9111.05
2028-11-03T12:34:15Z,MSFT,buy,9.3123,38.3518,37.2579,-10.97,9100.08
2028-11-03T15:55:58Z,MSFT,sell,18.6844,37.2579,37.5443,-6.88,9093.2
2028-11-03T19:20:57Z,BTC-USD,buy,0.075529,5837.08,5779.16,-5.34,9087.85
2028-11-04T11:28:10Z,AAPL,sell,8.7159,55.8187,55.8478,-1.32,9086.53
2028-11-04T21:22:04Z,AAPL,sell,6.1393,55.8478,54.7737,5.84,9092.37
2028-11-06T20:09:51Z,AAPL,buy,3.9137,54.7737,54.8455,-0.19,9092.18
2028-11-07T09:56:49Z,GBPUSD,buy,1426.5269,0.203309,0.197495,-8.93,9083.25
2028-11-08T22:32:38Z,GBPUSD,sell,2226.1032,0.197495,0.188397,19.29,9102.53
2028-11-09T10:21:53Z,GBPUSD,sell,3438.8139,0.188397,0.189049,-3.67,9098.87
2028-11-10T05:36:17Z,AMZN,buy,14.4633,39.577,39.1896,-6.86,9092.0
2028-11-11T01:04:17Z,AMZN,sell,13.3567,39.1896,39.2694,-2.22,9089.79
2028-11-11T03:03:23Z,AMZN,buy,13.8843,39.2694,38.102,-17.41,9072.38
2028-11-11T10:27:30Z,AMZN,sell,8.1366,38.102,37.861,1.28,9073.66
2028-11-13T13:59:18Z,AMZN,buy,15.3436,37.861,36.6226,-20.28,9053.38
2028-11-15T18:15:50Z,AMZN,sell,16.4189,36.6226,36.6622,-1.97,9051.41
2028-11-17T23:49:29Z,AMZN,buy,15.2652,36.6622,35.9111,-12.7,9038.71
2028-11-19T06:10:42Z,AMZN,buy,17.9542,35.9111,36.0984,1.94,9040.65
2028-11-20T12:08:18Z,EURUSD,buy,2468.6551,0.172103,0.172971,1.21,9041.86
2028-11-22T06:29:56Z,BTC-USD,buy,0.08256,5779.16,5502.45,-23.9,9017.97
2028-11-22T21:08:45Z,NVDA,buy,2.1776,111.2341,107.702,-8.22,9009.74
2028-11-23T10:14:44Z,EURUSD,sell,3505.1601,0.172971,0.167196,18.91,9028.65
2028-11-23T13:01:51Z,EURUSD,buy,3592.4345,0.167196,0.162781,-17.18,9011.47
2028-11-25T10:16:22Z,EURUSD,sell,1781.1754,0.162781,0.163559,-2.02,9009.45
2028-11-26T20:05:02Z,EURUSD,sell,1769.4243,0.163559,0.164012,-1.44,9008.01
2028-11-28T02:10:02Z,NVDA,buy,2.9543,107.702,103.4357,-13.3,8994.71
2028-11-28T19:52:32Z,BTC-USD,buy,0.084974,5502.45,5443.75,-6.02,8988.69
2028-11-30T23:31:01Z,GBPUSD,sell,2012.1146,0.189049,0.183562,10.2,8998.89
2028-12-01T07:52:33Z,MSFT,buy,14.9695,37.5443,37.6907,0.95,8999.85
2028-12-02T18:42:36Z,MSFT,sell,5.8165,37.6907,35.8141,10.43,9010.28
2028-12-04T18:13:43Z,MSFT,buy,12.3516,35.8141,34.5588,-16.48,8993.8
2028-12-06T10:46:26Z,NVDA,buy,3.5438,103.4357,99.0118,-16.48,8977.32
2028-12-07T12:33:52Z,NVDA,sell,6.5325,99.0118,98.5137,1.83,8979.15
2028-12-08T22:44:18Z,NVDA,sell,6.7677,98.5137,96.0309,15.34,8994.49
2028-12-09T20:29:37Z,NVDA,sell,3.1123,96.0309,91.156,14.51,9009.0
2028-12-12T01:16:33Z,NVDA,buy,2.8233,91.156,91.7253,1.04,9010.04
2028-12-12T08:02:26Z,NVDA,buy,3.2735,91.7253,91.6871,-0.79,9009.26
2028-12-13T11:13:24Z,EURUSD,sell,1653.0236,0.164012,0.161769,3.11,9012.37
2028-12-15T03:22:12Z,AAPL,sell,5.3892,54.8455,52.1048,14.12,9026.49
2028-12-16T05:52:26Z,BTC-USD,buy,0.112035,5443.75,5450.72,-0.56,9025.93
2028-12-17T16:40:06Z,BTC-USD,sell,0.041085,5450.72,5288.19,6.19,9032.11
2028-12-18T21:06:49Z,BTC-USD,buy,0.084434,5288.19,5058.06,-20.41,9011.7
2028-12-19T04:42:51Z,BTC-USD,sell,0.067085,5058.06,5083.46,-2.45,9009.25
2028-12-20T22:10:10Z,BTC-USD,sell,0.054289,5083.46,5011.83,3.28,9012.53
2028-12-21T07:30:42Z,AAPL,sell,9.7859,52.1048,52.2746,-2.78,9009.75
2028-12-22T21:26:32Z,ETH-USD,sell,0.90084,405.7731,407.1215,-2.02,9007.73
2028-12-23T07:20:44Z,ETH-USD,buy,0.602723,407.1215,392.6519,-9.26,8998.47
2028-12-24T23:09:02Z,ETH-USD,buy,0.806443,392.6519,388.8514,-3.76,8994.71
2028-12-26T09:58:28Z,ETH-USD,buy,1.2763,388.8514,391.397,2.16,8996.87
2028-12-28T13:10:26Z,ETH-USD,buy,1.4555,391.397,387.9067,-6.33,8990.53
2028-12-29T11:50:43Z,ETH-USD,sell,1.8119,387.9067,387.6165,-1.02,8989.51
2028-12-31T03:20:10Z,ETH-USD,buy,1.6639,387.6165,391.2999,4.71,8994.22
2028-12-31T14:35:23Z,ETH-USD,buy,1.7028,391.2999,393.5393,2.35,8996.57
2029-01-02T19:33:07Z,ETH-USD,buy,1.4821,393.5393,382.0148,-18.36,8978.2
2029-01-04T07:45:16Z,ETH-USD,buy,1.343,382.0148,382.9276,0.1,8978.3
2029-01-04T14:27:22Z,AAPL,buy,11.3445,52.2746,52.4544,0.73,8979.04
2029-01-05T11:21:46Z,NVDA,sell,2.0632,91.6871,91.6402,-0.32,8978.72
2029-01-07T08:34:11Z,NVDA,sell,3.6554,91.6402,92.3142,-3.2,8975.52
2029-01-07T19:16:55Z,TSLA,buy,12.4016,36.1456,36.3613,1.69,8977.21
2029-01-09T15:06:51Z,GBPUSD,sell,1614.7256,0.183562,0.183809,-1.05,8976.15
2029-01-11T04:42:19Z,GBPUSD,sell,1801.0596,0.183809,0.184461,-1.9,8974.25
2029-01-11T17:54:46Z,GBPUSD,buy,2140.7951,0.184461,0.184368,-1.07,8973.18
2029-01-13T02:25:32Z,GBPUSD,buy,2777.1164,0.184368,0.181841,-8.15,8965.04
2029-01-14T12:02:43Z,GBPUSD,sell,1813.2065,0.181841,0.179829,2.92,8967.96
2029-01-16T02:50:28Z,GBPUSD,sell,1487.5824,0.179829,0.181099,-2.48,8965.48
2029-01-17T22:30:47Z,ETH-USD,sell,1.6556,382.9276,365.9606,26.7,8992.18
2029-01-20T00:55:05Z,ETH-USD,buy,0.623846,365.9606,367.9865,0.76,8992.94
2029-01-21T01:19:45Z,NVDA,buy,6.0511,92.3142,89.0652,-20.89,8972.05
2029-01-23T06:49:05Z,NVDA,buy,3.8187,89.0652,89.1239,-0.52,8971.53
2029-01-23T19:54:18Z,EURUSD,sell,3068.41,0.161769,0.15516,19.18,8990.71
2029-01-24T18:10:13Z,EURUSD,sell,2009.592,0.15516,0.156153,-2.68,8988.03
2029-01-25T07:00:12Z,EURUSD,buy,1868.8128,0.156153,0.149563,-12.96,8975.07
2029-01-25T12:10:34Z,EURUSD,buy,3592.0709,0.149563,0.149498,-1.42,8973.66
2029-01-26T15:59:48Z,EURUSD,buy,3872.1309,0.149498,0.142751,-27.4,8946.26
2029-01-27T16:19:44Z,MSFT,buy,10.6644,34.5588,33.4028,-13.14,8933.12
2029-01-28T09:21:54Z,MSFT,sell,18.2751,33.4028,32.5561,14.13,8947.25
2029-01-29T10:41:45Z,MSFT,buy,15.1497,32.5561,31.8248,-12.17,8935.08
2029-01-31T08:47:53Z,ETH-USD,buy,1.808,367.9865,368.7724,-0.04,8935.04
2029-02-02T08:57:20Z,ETH-USD,sell,0.822325,368.7724,370.5294,-2.11,8932.93
2029-02-03T08:45:08Z,ETH-USD,sell,0.815302,370.5294,372.1366,-1.97,8930.95
2029-02-05T04:23:12Z,AAPL,sell,3.4977,52.4544,52.4978,-0.56,8930.4
2029-02-06T22:53:50Z,AAPL,buy,4.0792,52.4978,52.7455,0.54,8930.94
2029-02-08T18:58:59Z,AAPL,sell,9.454,52.7455,51.3197,12.38,8943.32
2029-02-10T02:53:22Z,AAPL,sell,4.7779,51.3197,50.2007,4.81,8948.13
2029-02-11T01:58:21Z,NVDA,buy,2.7978,89.1239,89.1515,-0.47,8947.66
2029-02-13T06:11:28Z,NVDA,sell,7.0714,89.1515,87.3116,11.62,8959.28
2029-02-14T20:21:40Z,ETH-USD,sell,1.0727,372.1366,373.4737,-2.31,8956.97
2029-02-16T16:38:55Z,TSLA,buy,7.8402,36.3613,36.4327,-0.07,8956.9
2029-02-17T07:49:42Z,TSLA,buy,7.679,36.4327,35.491,-7.85,8949.05
2029-02-18T15:29:07Z,EURUSD,sell,1883.7708,0.142751,0.144119,-3.17,8945.88
2029-02-18T19:32:54Z,EURUSD,sell,1337.6698,0.144119,0.144585,-1.05,8944.84
2029-02-20T05:33:11Z,EURUSD,sell,3790.5653,0.144585,0.141582,10.18,8955.01
2029-02-22T02:16:11Z,EURUSD,buy,3166.3469,0.141582,0.141148,-2.36,8952.65
2029-02-23T08:03:06Z,EURUSD,buy,4032.0028,0.141148,0.134348,-28.67,8923.98
2029-02-24T10:05:03Z,AAPL,buy,5.4636,50.2007,49.3783,-5.1,8918.88
2029-02-25T03:32:12Z,GBPUSD,buy,1388.3026,0.181099,0.180429,-1.48,8917.4
2029-02-25T13:25:26Z,BTC-USD,sell,0.055436,5011.83,5049.12,-2.68,8914.72
2029-02-26T09:41:22Z,BTC-USD,buy,0.096439,5049.12,4884.8,-16.92,8897.8
2029-02-27T00:39:10Z,BTC-USD,buy,0.085027,4884.8,4908.64,1.11,8898.92
2029-02-27T17:51:09Z,BTC-USD,sell,0.039099,4908.64,4668.35,8.97,8907.89
2029-02-28T22:04:38Z,BTC-USD,sell,0.080608,4668.35,4620.35,3.04,8910.93
2029-03-02T10:22:32Z,MSFT,sell,17.2331,31.8248,31.108,11.15,8922.08
2029-03-04T06:31:25Z,MSFT,sell,21.9322,31.108,30.6041,9.55,8931.63
2029-03-05T18:34:31Z,MSFT,buy,13.0958,30.6041,29.3213,-17.68,8913.95
2029-03-07T01:42:35Z,EURUSD,buy,1565.3489,0.134348,0.134878,0.37,8914.31
2029-03-08T13:47:42Z,GBPUSD,buy,3586.6555,0.180429,0.180947,0.43,8914.75
2029-03-09T18:12:21Z,GBPUSD,buy,1545.1686,0.180947,0.181192,-0.24,8914.51
2029-03-11T16:14:19Z,GBPUSD,buy,1976.8593,0.181192,0.176192,-10.67,8903.84
2029-03-13T06:04:30Z,GBPUSD,sell,1654.3115,0.176192,0.166992,14.58,8918.42
2029-03-14T17:11:47Z,EURUSD,sell,2128.0607,0.134878,0.13463,-0.1,8918.31
2029-03-16T18:16:29Z,TSLA,buy,14.8702,35.491,34.2027,-20.32,8897.99
2029-03-18T03:45:21Z,AMZN,buy,16.5418,36.0984,34.2796,-31.4,8866.6
2029-03-20T06:15:55Z,GBPUSD,sell,2222.4002,0.166992,0.160729,13.1,8879.7
2029-03-20T21:09:07Z,GBPUSD,buy,3145.1467,0.160729,0.16069,-1.24,8878.46
2029-03-22T21:56:03Z,GBPUSD,sell,2420.4166,0.16069,0.158841,3.62,8882.08
2029-03-23T03:33:00Z,GBPUSD,buy,2236.8486,0.158841,0.159475,0.64,8882.72
2029-03-23T09:15:03Z,NVDA,buy,6.4864,87.3116,87.8053,1.96,8884.67
2029-03-24T11:29:11Z,NVDA,sell,8.0383,87.8053,87.5831,0.23,8884.91
2029-03-26T02:21:18Z,NVDA,buy,6.7093,87.5831,85.3442,-16.31,8868.59
2029-03-28T00:50:27Z,TSLA,sell,6.0536,34.2027,32.6429,8.99,8877.58
2029-03-28T14:00:45Z,TSLA,sell,8.6037,32.6429,31.0255,13.3,8890.88
2029-03-30T16:40:39Z,TSLA,sell,21.6926,31.0255,30.1165,18.24,8909.12
2029-04-01T00:28:35Z,GBPUSD,buy,1267.5576,0.159475,0.159322,-0.64,8908.48
2029-04-03T00:09:37Z,BTC-USD,buy,0.063617,4620.35,4611.6,-1.2,8907.27
2029-04-03T17:07:25Z,NVDA,sell,3.263,85.3442,85.3484,-0.63,8906.65
2029-04-05T02:50:08Z,NVDA,buy,5.4493,85.3484,83.1363,-13.08,8893.57
2029-04-05T10:17:58Z,NVDA,buy,6.2818,83.1363,82.0508,-7.97,8885.6
2029-04-06T03:06:54Z,NVDA,sell,7.2222,82.0508,83.0448,-8.48,8877.12
2029-04-07T08:19:42Z,ETH-USD,sell,1.8016,373.4737,373.3729,-1.3,8875.82
2029-04-09T05:04:57Z,ETH-USD,buy,0.588239,373.3729,374.7956,0.35,8876.17
2029-04-10T11:33:01Z,EURUSD,buy,2153.0905,0.13463,0.135384,0.99,8877.16
2029-04-11T20:52:49Z,EURUSD,buy,1345.1675,0.135384,0.135751,0.09,8877.25
2029-04-12T15:12:35Z,EURUSD,sell,2561.5793,0.135751,0.133352,5.38,8882.63
2029-04-14T11:03:24Z,AMZN,sell,14.5205,34.2796,32.5978,23.33,8905.96
2029-04-16T05:11:06Z,AMZN,sell,14.869,32.5978,32.6753,-2.22,8903.74
2029-04-17T09:36:40Z,AMZN,sell,15.6122,32.6753,32.0141,9.2,8912.94
2029-04-17T10:48:10Z,ETH-USD,buy,1.2905,374.7956,374.4851,-1.46,8911.48
2029-04-18T22:03:01Z,GBPUSD,buy,1747.3437,0.159322,0.154532,-8.98,8902.49
2029-04-20T03:26:09Z,GBPUSD,buy,2291.8804,0.154532,0.152332,-5.82,8896.67
2029-04-21T01:05:49Z,GBPUSD,sell,1380.4484,0.152332,0.152513,-0.71,8895.96
2029-04-21T18:31:46Z,GBPUSD,buy,4444.5152,0.152513,0.15121,-7.28,8888.68
2029-04-22T15:28:09Z,GBPUSD,buy,3654.2926,0.15121,0.14528,-22.89,8865.79
2029-04-24T09:57:29Z,GBPUSD,sell,3995.6279,0.14528,0.14593,-3.88,8861.92
2029-04-25T22:41:15Z,BTC-USD,sell,0.113536,4611.6,4422.97,20.26,8882.18
2029-04-27T11:42:37Z,BTC-USD,buy,0.042368,4422.97,4310.89,-5.16,8877.02
2029-04-29T11:28:54Z,BTC-USD,buy,0.151149,4310.89,4134.5,-28.09,8848.93
2029-05-01T14:26:52Z,BTC-USD,sell,0.163527,4134.5,3955.63,27.76,8876.69
2029-05-02T01:39:55Z,BTC-USD,buy,0.086305,3955.63,3958.44,-0.51,8876.18
2029-05-02T18:36:33Z,AAPL,buy,5.3015,49.3783,49.4794,-0.04,8876.14
2029-05-04T05:39:27Z,AAPL,sell,5.7403,49.4794,49.6987,-1.88,8874.26
2029-05-05T14:35:26Z,MSFT,buy,15.6574,29.3213,28.6027,-12.26,8861.99
2029-05-06T12:02:28Z,GBPUSD,buy,2609.3495,0.14593,0.145195,-2.76,8859.24
2029-05-08T04:36:13Z,GBPUSD,sell,1918.0894,0.145195,0.140099,9.16,8868.4
2029-05-09T09:33:52Z,GBPUSD,buy,1521.4101,0.140099,0.140431,0.04,8868.44
2029-05-11T09:28:38Z,NVDA,sell,6.6047,83.0448,83.2733,-2.72,8865.72
2029-05-12T07:16:25Z,NVDA,buy,2.6988,83.2733,82.1332,-3.57,8862.15
2029-05-12T09:56:02Z,NVDA,buy,3.6972,82.1332,79.2034,-11.5,8850.65
2029-05-13T09:57:07Z,NVDA,sell,8.7686,79.2034,76.8147,19.42,8870.07
2029-05-14T00:17:13Z,NVDA,buy,6.8078,76.8147,77.0111,0.19,8870.25
2029-05-16T02:31:12Z,ETH-USD,sell,1.0482,374.4851,375.5146,-1.94,8868.31
2029-05-18T03:57:10Z,BTC-USD,buy,0.169009,3958.44,3973.1,1.01,8869.32
2029-05-19T01:20:52Z,BTC-USD,sell,0.143326,3973.1,3964.29,0.01,8869.33
2029-05-20T18:44:03Z,BTC-USD,buy,0.065707,3964.29,4000.51,1.81,8871.13
2029-05-22T17:41:24Z,EURUSD,sell,3227.7269,0.133352,0.134226,-3.77,8867.36
2029-05-23T02:37:14Z,NVDA,sell,4.4798,77.0111,77.0319,-0.85,8866.51
2029-05-23T19:29:13Z,AAPL,sell,5.283,49.6987,49.712,-0.65,8865.86
2029-05-25T23:35:02Z,TSLA,buy,20.7315,30.1165,30.339,3.24,8869.1
2029-05-27T02:02:00Z,TSLA,sell,14.1327,30.339,30.462,-2.68,8866.42
2029-05-28T18:39:43Z,TSLA,buy,14.2508,30.462,30.0777,-6.43,8859.99
2029-05-29T21:50:39Z,TSLA,buy,8.2531,30.0777,30.1401,-0.03,8859.95
2029-05-31T19:12:03Z,TSLA,sell,13.786,30.1401,29.0501,14.11,8874.07
2029-06-01T23:05:44Z,TSLA,buy,13.5702,29.0501,28.7168,-5.39,8868.68
2029-06-02T21:30:55Z,AAPL,sell,13.3403,49.712,50.1143,-6.83,8861.85
2029-06-04T16:34:28Z,AAPL,sell,9.0606,50.1143,49.1714,7.54,8869.4
2029-06-06T19:30:49Z,ETH-USD,buy,1.3637,375.5146,358.6518,-24.12,8845.27
2029-06-07T18:52:10Z,NVDA,buy,4.6134,77.0319,74.9816,-10.24,8835.03
2029-06-08T22:33:39Z,NVDA,sell,5.641,74.9816,75.6154,-4.51,8830.53
2029-06-09T07:02:02Z,NVDA,buy,3.6887,75.6154,73.6899,-7.72,8822.81
2029-06-10T19:51:46Z,EURUSD,sell,5042.5171,0.134226,0.132013,9.67,8832.48
2029-06-11T16:21:38Z,EURUSD,buy,3700.1182,0.132013,0.132428,0.46,8832.94
2029-06-13T12:32:28Z,GBPUSD,sell,4424.0338,0.140431,0.139473,2.87,8835.81
