window_start,window_end,y_true,y_pred,y_score
2026-01-05 08:44:00+00:00,2026-01-05 08:59:00+00:00,1,1,0.9993413
2026-01-05 08:49:00+00:00,2026-01-05 09:04:00+00:00,1,1,0.9993413
2026-01-05 09:24:00+00:00,2026-01-05 09:39:00+00:00,1,1,0.99693143
2026-01-05 10:48:00+00:00,2026-01-05 11:03:00+00:00,1,1,0.9443381
2026-01-05 10:53:00+00:00,2026-01-05 11:08:00+00:00,1,1,0.9443381
2026-01-05 10:58:00+00:00,2026-01-05 11:13:00+00:00,1,1,0.9443381
2026-01-05 13:14:00+00:00,2026-01-05 13:29:00+00:00,1,1,0.9956916
2026-01-05 13:19:00+00:00,2026-01-05 13:34:00+00:00,1,1,0.9956916
2026-01-05 19:19:00+00:00,2026-01-05 19:34:00+00:00,1,1,0.9984236
2026-01-06 03:39:00+00:00,2026-01-06 03:54:00+00:00,1,1,0.99775094
2026-01-06 19:18:00+00:00,2026-01-06 19:33:00+00:00,1,1,0.9927337
2026-01-06 19:23:00+00:00,2026-01-06 19:38:00+00:00,1,1,0.97377986
2026-01-06 19:28:00+00:00,2026-01-06 19:43:00+00:00,1,1,0.97377986
2026-01-06 19:39:00+00:00,2026-01-06 19:54:00+00:00,1,1,0.9942636
2026-01-06 19:44:00+00:00,2026-01-06 19:59:00+00:00,1,1,0.9942636
2026-01-07 00:44:00+00:00,2026-01-07 00:59:00+00:00,1,1,0.9985355
2026-01-07 00:54:00+00:00,2026-01-07 01:09:00+00:00,1,1,0.9861385
2026-01-07 01:04:00+00:00,2026-01-07 01:19:00+00:00,1,1,0.98754555
2026-01-07 01:24:00+00:00,2026-01-07 01:39:00+00:00,1,1,0.98895454
2026-01-07 01:29:00+00:00,2026-01-07 01:44:00+00:00,1,1,0.998765
2026-01-07 01:34:00+00:00,2026-01-07 01:49:00+00:00,1,1,0.99395645
2026-01-07 01:39:00+00:00,2026-01-07 01:54:00+00:00,1,1,0.99888724
2026-01-07 11:09:00+00:00,2026-01-07 11:24:00+00:00,1,1,0.9931218
2026-01-07 11:14:00+00:00,2026-01-07 11:29:00+00:00,1,1,0.9821686
2026-01-07 11:19:00+00:00,2026-01-07 11:34:00+00:00,1,1,0.9821686
2026-01-07 11:29:00+00:00,2026-01-07 11:44:00+00:00,1,1,0.9982254
2026-01-07 11:34:00+00:00,2026-01-07 11:49:00+00:00,1,1,0.9990396
2026-01-07 11:39:00+00:00,2026-01-07 11:54:00+00:00,1,1,0.9950659
2026-01-07 11:44:00+00:00,2026-01-07 11:59:00+00:00,1,1,0.99804425
2026-01-07 12:04:00+00:00,2026-01-07 12:19:00+00:00,1,1,0.99984646
2026-01-08 11:59:00+00:00,2026-01-08 12:14:00+00:00,1,1,0.99886405
2026-01-08 12:04:00+00:00,2026-01-08 12:19:00+00:00,1,1,0.9956311
2026-01-08 12:09:00+00:00,2026-01-08 12:24:00+00:00,1,1,0.9956311
2026-01-08 16:44:00+00:00,2026-01-08 16:59:00+00:00,1,1,0.994478
2026-01-08 16:54:00+00:00,2026-01-08 17:09:00+00:00,1,1,0.9987225
2026-01-09 10:38:00+00:00,2026-01-09 10:53:00+00:00,1,1,0.9995453
2026-01-09 10:43:00+00:00,2026-01-09 10:58:00+00:00,1,1,0.992539
2026-01-09 10:48:00+00:00,2026-01-09 11:03:00+00:00,1,1,0.992539
2026-01-09 13:04:00+00:00,2026-01-09 13:19:00+00:00,1,1,0.9940826
2026-01-09 13:09:00+00:00,2026-01-09 13:24:00+00:00,1,1,0.9940826
2026-01-09 13:14:00+00:00,2026-01-09 13:29:00+00:00,1,1,0.9997826
2026-01-09 22:49:00+00:00,2026-01-09 23:04:00+00:00,1,1,0.9784992
2026-01-09 22:54:00+00:00,2026-01-09 23:09:00+00:00,1,1,0.9991155
2026-01-09 22:59:00+00:00,2026-01-09 23:14:00+00:00,1,1,0.99647576
2026-01-09 23:54:00+00:00,2026-01-10 00:09:00+00:00,1,1,0.996761
2026-01-09 23:59:00+00:00,2026-01-10 00:14:00+00:00,1,1,0.996761
2026-01-10 09:39:00+00:00,2026-01-10 09:54:00+00:00,1,1,0.9985845
2026-01-10 10:04:00+00:00,2026-01-10 10:19:00+00:00,1,1,0.9973314
2026-01-10 10:14:00+00:00,2026-01-10 10:29:00+00:00,1,1,0.99815625
2026-01-10 11:23:00+00:00,2026-01-10 11:38:00+00:00,1,1,0.9976503
2026-01-10 20:04:00+00:00,2026-01-10 20:19:00+00:00,1,1,0.99706274
2026-01-10 20:19:00+00:00,2026-01-10 20:34:00+00:00,1,1,0.9882619
2026-01-10 20:24:00+00:00,2026-01-10 20:39:00+00:00,1,1,0.9995173
2026-01-10 20:29:00+00:00,2026-01-10 20:44:00+00:00,1,1,0.9995173
2026-01-10 21:39:00+00:00,2026-01-10 21:54:00+00:00,1,1,0.9996736
2026-01-11 07:59:00+00:00,2026-01-11 08:14:00+00:00,1,1,0.9989812
2026-01-11 08:04:00+00:00,2026-01-11 08:19:00+00:00,1,1,0.9989812
2026-01-11 08:09:00+00:00,2026-01-11 08:24:00+00:00,1,1,0.9995715
2026-01-11 08:19:00+00:00,2026-01-11 08:34:00+00:00,1,1,0.9845717
2026-01-12 15:04:00+00:00,2026-01-12 15:19:00+00:00,1,1,0.9990465
2026-01-12 15:09:00+00:00,2026-01-12 15:24:00+00:00,1,1,0.9990465
2026-01-12 15:19:00+00:00,2026-01-12 15:34:00+00:00,1,1,0.9994405
2026-01-12 15:24:00+00:00,2026-01-12 15:39:00+00:00,1,1,0.9994405
2026-01-12 15:29:00+00:00,2026-01-12 15:44:00+00:00,1,1,0.99937856
2026-01-12 15:39:00+00:00,2026-01-12 15:54:00+00:00,1,1,0.9987104
2026-01-13 02:14:00+00:00,2026-01-13 02:29:00+00:00,1,1,0.99895334
2026-01-13 02:19:00+00:00,2026-01-13 02:34:00+00:00,1,1,0.9996431
2026-01-13 02:24:00+00:00,2026-01-13 02:39:00+00:00,1,1,0.99918395
2026-01-13 02:29:00+00:00,2026-01-13 02:44:00+00:00,1,1,0.99796474
2026-01-13 02:34:00+00:00,2026-01-13 02:49:00+00:00,1,1,0.9990225
2026-01-13 09:14:00+00:00,2026-01-13 09:29:00+00:00,1,1,0.99479103
2026-01-13 09:34:00+00:00,2026-01-13 09:49:00+00:00,1,1,0.9943023
2026-01-13 09:39:00+00:00,2026-01-13 09:54:00+00:00,1,1,0.9943023
2026-01-13 09:44:00+00:00,2026-01-13 09:59:00+00:00,1,1,0.99908435
2026-01-13 09:49:00+00:00,2026-01-13 10:04:00+00:00,1,1,0.9995142
2026-01-13 09:54:00+00:00,2026-01-13 10:09:00+00:00,1,1,0.9995142
2026-01-13 12:44:00+00:00,2026-01-13 12:59:00+00:00,1,1,0.9995135
2026-01-13 12:49:00+00:00,2026-01-13 13:04:00+00:00,1,1,0.9995826
2026-01-13 12:54:00+00:00,2026-01-13 13:09:00+00:00,1,1,0.9995826
2026-01-13 14:28:00+00:00,2026-01-13 14:43:00+00:00,1,1,0.99363774
2026-01-13 14:33:00+00:00,2026-01-13 14:48:00+00:00,1,1,0.99363774
2026-01-13 14:38:00+00:00,2026-01-13 14:53:00+00:00,1,1,0.99578935
2026-01-13 14:48:00+00:00,2026-01-13 15:03:00+00:00,1,1,0.99534553
2026-01-13 23:54:00+00:00,2026-01-14 00:09:00+00:00,1,1,0.98401535
2026-01-13 23:59:00+00:00,2026-01-14 00:14:00+00:00,1,1,0.98401535
2026-01-14 00:04:00+00:00,2026-01-14 00:19:00+00:00,1,1,0.98401535
2026-01-14 01:49:00+00:00,2026-01-14 02:04:00+00:00,1,1,0.9982522
2026-01-14 01:54:00+00:00,2026-01-14 02:09:00+00:00,1,1,0.9982522
2026-01-14 01:59:00+00:00,2026-01-14 02:14:00+00:00,1,1,0.93003607
2026-01-14 02:04:00+00:00,2026-01-14 02:19:00+00:00,1,1,0.9998609
2026-01-14 02:09:00+00:00,2026-01-14 02:24:00+00:00,1,1,0.9998609
2026-01-14 15:44:00+00:00,2026-01-14 15:59:00+00:00,1,1,0.99856263
2026-01-14 15:49:00+00:00,2026-01-14 16:04:00+00:00,1,1,0.99856263
2026-01-14 15:54:00+00:00,2026-01-14 16:09:00+00:00,1,1,0.9978212
2026-01-15 05:24:00+00:00,2026-01-15 05:39:00+00:00,1,1,0.9995722
2026-01-15 18:54:00+00:00,2026-01-15 19:09:00+00:00,1,1,0.9985777
2026-01-15 22:44:00+00:00,2026-01-15 22:59:00+00:00,1,1,0.9984043
2026-01-15 22:49:00+00:00,2026-01-15 23:04:00+00:00,1,1,0.9984043
2026-01-15 22:54:00+00:00,2026-01-15 23:09:00+00:00,1,1,0.9984043
2026-01-16 00:14:00+00:00,2026-01-16 00:29:00+00:00,1,1,0.9986737
2026-01-16 00:19:00+00:00,2026-01-16 00:34:00+00:00,1,1,0.9986737
2026-01-16 00:24:00+00:00,2026-01-16 00:39:00+00:00,1,1,0.9986737
2026-01-16 02:24:00+00:00,2026-01-16 02:39:00+00:00,1,1,0.99417675
2026-01-16 02:29:00+00:00,2026-01-16 02:44:00+00:00,1,1,0.9971027
2026-01-16 02:34:00+00:00,2026-01-16 02:49:00+00:00,1,1,0.9971027
2026-01-16 07:54:00+00:00,2026-01-16 08:09:00+00:00,1,1,0.99937433
2026-01-16 07:59:00+00:00,2026-01-16 08:14:00+00:00,1,1,0.99937433
2026-01-16 08:04:00+00:00,2026-01-16 08:19:00+00:00,1,1,0.99937433
2026-01-18 22:49:00+00:00,2026-01-18 23:04:00+00:00,1,1,0.98392487
2026-01-18 22:54:00+00:00,2026-01-18 23:09:00+00:00,1,1,0.98392487
2026-01-18 23:04:00+00:00,2026-01-18 23:19:00+00:00,1,1,0.99561274
2026-01-18 23:09:00+00:00,2026-01-18 23:24:00+00:00,1,1,0.99561274
2026-01-18 23:14:00+00:00,2026-01-18 23:29:00+00:00,1,1,0.99796605
2026-01-18 23:24:00+00:00,2026-01-18 23:39:00+00:00,1,1,0.99839705
2026-01-18 23:29:00+00:00,2026-01-18 23:44:00+00:00,1,1,0.99856275
2026-01-18 23:34:00+00:00,2026-01-18 23:49:00+00:00,1,1,0.99856275
2026-01-19 07:54:00+00:00,2026-01-19 08:09:00+00:00,1,1,0.9944739
2026-01-19 07:59:00+00:00,2026-01-19 08:14:00+00:00,1,1,0.99870706
2026-01-19 08:04:00+00:00,2026-01-19 08:19:00+00:00,1,1,0.99870706
2026-01-19 15:54:00+00:00,2026-01-19 16:09:00+00:00,1,1,0.99661595
2026-01-19 16:14:00+00:00,2026-01-19 16:29:00+00:00,1,1,0.9942433
2026-01-19 16:19:00+00:00,2026-01-19 16:34:00+00:00,1,1,0.9942433
2026-01-19 16:24:00+00:00,2026-01-19 16:39:00+00:00,1,1,0.9949673
2026-01-19 21:39:00+00:00,2026-01-19 21:54:00+00:00,1,1,0.9992995
2026-01-19 21:44:00+00:00,2026-01-19 21:59:00+00:00,1,1,0.9992995
2026-01-19 21:49:00+00:00,2026-01-19 22:04:00+00:00,1,1,0.9992995
2026-01-19 21:54:00+00:00,2026-01-19 22:09:00+00:00,1,1,0.99968064
2026-01-19 21:59:00+00:00,2026-01-19 22:14:00+00:00,1,1,0.99968064
2026-01-19 22:04:00+00:00,2026-01-19 22:19:00+00:00,1,1,0.99968064
2026-01-20 08:14:00+00:00,2026-01-20 08:29:00+00:00,1,1,0.99760544
2026-01-20 08:19:00+00:00,2026-01-20 08:34:00+00:00,1,1,0.9983254
2026-01-20 08:24:00+00:00,2026-01-20 08:39:00+00:00,1,1,0.9983254
2026-01-20 09:54:00+00:00,2026-01-20 10:09:00+00:00,1,1,0.99517137
2026-01-20 15:43:00+00:00,2026-01-20 15:58:00+00:00,1,1,0.99601907
2026-01-20 20:44:00+00:00,2026-01-20 20:59:00+00:00,1,1,0.9995425
2026-01-20 20:54:00+00:00,2026-01-20 21:09:00+00:00,1,1,0.9805008
2026-01-20 21:04:00+00:00,2026-01-20 21:19:00+00:00,1,1,0.9998599
2026-01-20 21:09:00+00:00,2026-01-20 21:24:00+00:00,1,1,0.9994522
2026-01-20 21:14:00+00:00,2026-01-20 21:29:00+00:00,1,1,0.9998355
2026-01-21 02:59:00+00:00,2026-01-21 03:14:00+00:00,1,1,0.99802727
2026-01-21 07:54:00+00:00,2026-01-21 08:09:00+00:00,1,1,0.9915031
2026-01-21 08:04:00+00:00,2026-01-21 08:19:00+00:00,1,1,0.992837
2026-01-21 14:34:00+00:00,2026-01-21 14:49:00+00:00,1,1,0.99429494
2026-01-21 14:44:00+00:00,2026-01-21 14:59:00+00:00,1,1,0.9900254
2026-01-21 14:54:00+00:00,2026-01-21 15:09:00+00:00,1,1,0.99842536
2026-01-21 19:29:00+00:00,2026-01-21 19:44:00+00:00,1,1,0.9982456
2026-01-21 19:34:00+00:00,2026-01-21 19:49:00+00:00,1,1,0.9982456
2026-01-22 07:39:00+00:00,2026-01-22 07:54:00+00:00,1,1,0.9890906
2026-01-22 14:43:00+00:00,2026-01-22 14:58:00+00:00,1,1,0.9993105
2026-01-22 14:48:00+00:00,2026-01-22 15:03:00+00:00,1,1,0.9993105
2026-01-22 15:29:00+00:00,2026-01-22 15:44:00+00:00,1,1,0.8876926
2026-01-22 15:39:00+00:00,2026-01-22 15:54:00+00:00,1,1,0.99897635
2026-01-22 15:44:00+00:00,2026-01-22 15:59:00+00:00,1,1,0.9990127
2026-01-22 15:49:00+00:00,2026-01-22 16:04:00+00:00,1,1,0.9990127
2026-01-23 05:04:00+00:00,2026-01-23 05:19:00+00:00,1,1,0.95953345
2026-01-23 05:09:00+00:00,2026-01-23 05:24:00+00:00,1,1,0.95953345
2026-01-23 11:29:00+00:00,2026-01-23 11:44:00+00:00,1,1,0.9993284
2026-01-23 13:53:00+00:00,2026-01-23 14:08:00+00:00,1,1,0.9894741
2026-01-23 13:58:00+00:00,2026-01-23 14:13:00+00:00,1,1,0.9894741
2026-01-24 06:59:00+00:00,2026-01-24 07:14:00+00:00,1,1,0.9827623
2026-01-24 07:04:00+00:00,2026-01-24 07:19:00+00:00,1,1,0.9827623
2026-01-24 07:09:00+00:00,2026-01-24 07:24:00+00:00,1,1,0.9998211
2026-01-24 19:09:00+00:00,2026-01-24 19:24:00+00:00,1,1,0.9985018
2026-01-24 19:19:00+00:00,2026-01-24 19:34:00+00:00,1,1,0.99894303
2026-01-24 22:34:00+00:00,2026-01-24 22:49:00+00:00,1,1,0.9928798
2026-01-24 22:39:00+00:00,2026-01-24 22:54:00+00:00,1,1,0.99970526
2026-01-24 22:44:00+00:00,2026-01-24 22:59:00+00:00,1,1,0.99470115
2026-01-26 21:39:00+00:00,2026-01-26 21:54:00+00:00,1,1,0.998572
2026-01-27 18:04:00+00:00,2026-01-27 18:19:00+00:00,1,1,0.99075997
2026-01-27 18:09:00+00:00,2026-01-27 18:24:00+00:00,1,1,0.998809
2026-01-27 18:14:00+00:00,2026-01-27 18:29:00+00:00,1,1,0.998809
2026-01-28 10:14:00+00:00,2026-01-28 10:29:00+00:00,1,1,0.9968919
2026-01-28 10:19:00+00:00,2026-01-28 10:34:00+00:00,1,1,0.99971193
2026-01-28 10:24:00+00:00,2026-01-28 10:39:00+00:00,1,1,0.9935715
2026-01-28 11:54:00+00:00,2026-01-28 12:09:00+00:00,1,1,0.9997818
2026-01-28 11:59:00+00:00,2026-01-28 12:14:00+00:00,1,1,0.9997818
2026-01-28 12:04:00+00:00,2026-01-28 12:19:00+00:00,1,1,0.9902658
2026-01-28 13:54:00+00:00,2026-01-28 14:09:00+00:00,1,1,0.99095094
2026-01-28 13:59:00+00:00,2026-01-28 14:14:00+00:00,1,1,0.99974054
2026-01-28 14:04:00+00:00,2026-01-28 14:19:00+00:00,1,1,0.9988405
2026-01-28 23:39:00+00:00,2026-01-28 23:54:00+00:00,1,1,0.96555203
2026-01-28 23:44:00+00:00,2026-01-28 23:59:00+00:00,1,1,0.96555203
2026-01-28 23:49:00+00:00,2026-01-29 00:04:00+00:00,1,1,0.9982838
2026-01-29 06:24:00+00:00,2026-01-29 06:39:00+00:00,1,1,0.99593985
2026-01-29 06:29:00+00:00,2026-01-29 06:44:00+00:00,1,1,0.99593985
2026-01-29 06:34:00+00:00,2026-01-29 06:49:00+00:00,1,1,0.99870753
2026-01-29 13:14:00+00:00,2026-01-29 13:29:00+00:00,1,1,0.9993693
2026-01-29 13:19:00+00:00,2026-01-29 13:34:00+00:00,1,1,0.9993693
2026-01-29 13:24:00+00:00,2026-01-29 13:39:00+00:00,1,1,0.9993693
2026-01-29 15:24:00+00:00,2026-01-29 15:39:00+00:00,1,1,0.9998609
2026-01-29 15:29:00+00:00,2026-01-29 15:44:00+00:00,1,1,0.9998609
2026-01-29 15:34:00+00:00,2026-01-29 15:49:00+00:00,1,1,0.9998609
2026-01-30 09:59:00+00:00,2026-01-30 10:14:00+00:00,1,1,0.9923062
2026-01-30 10:04:00+00:00,2026-01-30 10:19:00+00:00,1,1,0.9923062
2026-01-30 16:39:00+00:00,2026-01-30 16:54:00+00:00,1,1,0.9996623
2026-01-30 16:44:00+00:00,2026-01-30 16:59:00+00:00,1,1,0.9996623
2026-01-30 18:09:00+00:00,2026-01-30 18:24:00+00:00,1,1,0.9532183
2026-01-31 02:49:00+00:00,2026-01-31 03:04:00+00:00,1,1,0.99634355
2026-01-31 02:54:00+00:00,2026-01-31 03:09:00+00:00,1,1,0.99634355
2026-01-31 08:29:00+00:00,2026-01-31 08:44:00+00:00,1,1,0.99766207
2026-01-31 08:34:00+00:00,2026-01-31 08:49:00+00:00,1,1,0.99934536
2026-01-31 08:39:00+00:00,2026-01-31 08:54:00+00:00,1,1,0.99934536
2026-01-31 23:29:00+00:00,2026-01-31 23:44:00+00:00,1,1,0.99646145
2026-02-01 06:43:00+00:00,2026-02-01 06:58:00+00:00,1,1,0.9991172
2026-02-01 06:48:00+00:00,2026-02-01 07:03:00+00:00,1,1,0.99587834
2026-02-01 06:53:00+00:00,2026-02-01 07:08:00+00:00,1,1,0.99587834
2026-02-01 11:39:00+00:00,2026-02-01 11:54:00+00:00,1,1,0.99850047
2026-02-01 11:49:00+00:00,2026-02-01 12:04:00+00:00,1,1,0.9929004
2026-02-01 11:59:00+00:00,2026-02-01 12:14:00+00:00,1,1,0.9983979
2026-02-01 12:04:00+00:00,2026-02-01 12:19:00+00:00,1,1,0.9983113
2026-02-01 12:09:00+00:00,2026-02-01 12:24:00+00:00,1,1,0.9983113
2026-02-01 17:49:00+00:00,2026-02-01 18:04:00+00:00,1,1,0.99840826
2026-02-01 17:54:00+00:00,2026-02-01 18:09:00+00:00,1,1,0.99840826
2026-02-01 20:22:00+00:00,2026-02-01 20:37:00+00:00,0,1,0.9932469
2026-02-02 12:24:00+00:00,2026-02-02 12:39:00+00:00,1,1,0.9823334
2026-02-02 12:34:00+00:00,2026-02-02 12:49:00+00:00,1,1,0.9993999
2026-02-02 18:59:00+00:00,2026-02-02 19:14:00+00:00,1,1,0.9986754
2026-02-03 04:04:00+00:00,2026-02-03 04:19:00+00:00,1,1,0.99631953
2026-02-03 09:34:00+00:00,2026-02-03 09:49:00+00:00,1,1,0.9986964
2026-02-03 09:44:00+00:00,2026-02-03 09:59:00+00:00,1,1,0.99877995
2026-02-03 09:49:00+00:00,2026-02-03 10:04:00+00:00,1,1,0.9993654
2026-02-03 09:54:00+00:00,2026-02-03 10:09:00+00:00,1,1,0.9997178
2026-02-03 09:59:00+00:00,2026-02-03 10:14:00+00:00,1,1,0.9993292
2026-02-03 10:04:00+00:00,2026-02-03 10:19:00+00:00,1,1,0.9993292
2026-02-04 00:47:00+00:00,2026-02-04 01:02:00+00:00,0,1,0.97626
2026-02-04 00:52:00+00:00,2026-02-04 01:07:00+00:00,0,1,0.97626
2026-02-04 00:57:00+00:00,2026-02-04 01:12:00+00:00,0,1,0.97626
2026-02-04 09:49:00+00:00,2026-02-04 10:04:00+00:00,1,1,0.9988226
2026-02-04 09:54:00+00:00,2026-02-04 10:09:00+00:00,1,1,0.9988888
2026-02-04 09:59:00+00:00,2026-02-04 10:14:00+00:00,1,1,0.9987789
2026-02-05 01:19:00+00:00,2026-02-05 01:34:00+00:00,1,1,0.99976295
2026-02-05 01:24:00+00:00,2026-02-05 01:39:00+00:00,1,1,0.99976295
2026-02-05 01:59:00+00:00,2026-02-05 02:14:00+00:00,1,1,0.99712014
2026-02-05 02:04:00+00:00,2026-02-05 02:19:00+00:00,1,1,0.99712014
2026-02-05 02:09:00+00:00,2026-02-05 02:24:00+00:00,1,1,0.99712014
2026-02-05 11:29:00+00:00,2026-02-05 11:44:00+00:00,1,1,0.9940135
2026-02-05 11:34:00+00:00,2026-02-05 11:49:00+00:00,1,1,0.9940135
2026-02-05 11:39:00+00:00,2026-02-05 11:54:00+00:00,1,1,0.85794616
2026-02-05 14:09:00+00:00,2026-02-05 14:24:00+00:00,1,1,0.99837935
2026-02-05 14:14:00+00:00,2026-02-05 14:29:00+00:00,1,1,0.99908364
2026-02-05 14:19:00+00:00,2026-02-05 14:34:00+00:00,1,1,0.99338347
2026-02-05 14:23:00+00:00,2026-02-05 14:38:00+00:00,1,1,0.9927208
2026-02-05 14:24:00+00:00,2026-02-05 14:39:00+00:00,1,1,0.99748755
2026-02-05 14:28:00+00:00,2026-02-05 14:43:00+00:00,1,1,0.9927208
2026-02-05 14:49:00+00:00,2026-02-05 15:04:00+00:00,1,1,0.9908646
2026-02-05 14:54:00+00:00,2026-02-05 15:09:00+00:00,1,1,0.9996611
2026-02-05 14:59:00+00:00,2026-02-05 15:14:00+00:00,1,1,0.9996611
2026-02-05 15:09:00+00:00,2026-02-05 15:24:00+00:00,1,1,0.9997267
2026-02-05 15:14:00+00:00,2026-02-05 15:29:00+00:00,1,1,0.9997267
2026-02-05 15:19:00+00:00,2026-02-05 15:34:00+00:00,1,1,0.9997267
2026-02-05 18:27:00+00:00,2026-02-05 18:42:00+00:00,0,1,0.9583697
2026-02-05 22:44:00+00:00,2026-02-05 22:59:00+00:00,1,1,0.99917656
2026-02-05 22:49:00+00:00,2026-02-05 23:04:00+00:00,1,1,0.9997763
2026-02-05 22:54:00+00:00,2026-02-05 23:09:00+00:00,1,1,0.9998599
2026-02-06 01:29:00+00:00,2026-02-06 01:44:00+00:00,1,1,0.9997104
2026-02-06 01:34:00+00:00,2026-02-06 01:49:00+00:00,1,1,0.9997104
2026-02-06 09:19:00+00:00,2026-02-06 09:34:00+00:00,1,1,0.99551904
2026-02-06 09:54:00+00:00,2026-02-06 10:09:00+00:00,1,1,0.9893384
2026-02-06 09:59:00+00:00,2026-02-06 10:14:00+00:00,1,1,0.99937135
2026-02-06 10:04:00+00:00,2026-02-06 10:19:00+00:00,1,1,0.99937135
2026-02-06 15:44:00+00:00,2026-02-06 15:59:00+00:00,1,1,0.99176687
2026-02-07 00:29:00+00:00,2026-02-07 00:44:00+00:00,1,1,0.9988967
2026-02-07 00:34:00+00:00,2026-02-07 00:49:00+00:00,1,1,0.9990127
2026-02-07 00:39:00+00:00,2026-02-07 00:54:00+00:00,1,1,0.9990127
2026-02-07 07:04:00+00:00,2026-02-07 07:19:00+00:00,1,1,0.9878094
2026-02-07 07:09:00+00:00,2026-02-07 07:24:00+00:00,1,1,0.9878094
2026-02-07 07:14:00+00:00,2026-02-07 07:29:00+00:00,1,1,0.9986909
2026-02-07 07:29:00+00:00,2026-02-07 07:44:00+00:00,1,1,0.99736977
2026-02-07 07:34:00+00:00,2026-02-07 07:49:00+00:00,1,1,0.99406046
2026-02-07 07:38:00+00:00,2026-02-07 07:53:00+00:00,1,1,0.99945205
2026-02-07 07:39:00+00:00,2026-02-07 07:54:00+00:00,1,1,0.99406046
2026-02-07 07:43:00+00:00,2026-02-07 07:58:00+00:00,1,1,0.99945205
2026-02-07 07:44:00+00:00,2026-02-07 07:59:00+00:00,1,1,0.99847037
2026-02-08 04:04:00+00:00,2026-02-08 04:19:00+00:00,1,1,0.99764985
2026-02-08 04:09:00+00:00,2026-02-08 04:24:00+00:00,1,1,0.99764985
2026-02-08 17:39:00+00:00,2026-02-08 17:54:00+00:00,1,1,0.9995365
2026-02-09 00:09:00+00:00,2026-02-09 00:24:00+00:00,1,1,0.9993438
2026-02-09 00:19:00+00:00,2026-02-09 00:34:00+00:00,1,1,0.9967573
2026-02-09 04:38:00+00:00,2026-02-09 04:53:00+00:00,1,1,0.99412495
2026-02-09 04:43:00+00:00,2026-02-09 04:58:00+00:00,1,1,0.99412495
2026-02-09 04:48:00+00:00,2026-02-09 05:03:00+00:00,1,1,0.99412495
2026-02-09 09:29:00+00:00,2026-02-09 09:44:00+00:00,1,1,0.99899846
2026-02-09 09:34:00+00:00,2026-02-09 09:49:00+00:00,1,1,0.9991352
2026-02-09 09:39:00+00:00,2026-02-09 09:54:00+00:00,1,1,0.9986625
2026-02-09 14:24:00+00:00,2026-02-09 14:39:00+00:00,1,1,0.99929357
2026-02-09 14:29:00+00:00,2026-02-09 14:44:00+00:00,1,1,0.99929357
2026-02-09 14:34:00+00:00,2026-02-09 14:49:00+00:00,1,1,0.99893683
2026-02-09 17:29:00+00:00,2026-02-09 17:44:00+00:00,1,1,0.98877674
2026-02-09 17:34:00+00:00,2026-02-09 17:49:00+00:00,1,1,0.98877674
2026-02-10 04:08:00+00:00,2026-02-10 04:23:00+00:00,1,1,0.9944799
2026-02-10 09:54:00+00:00,2026-02-10 10:09:00+00:00,1,1,0.99950564
2026-02-10 10:04:00+00:00,2026-02-10 10:19:00+00:00,1,1,0.99903834
2026-02-10 13:19:00+00:00,2026-02-10 13:34:00+00:00,1,1,0.9912191
2026-02-10 13:24:00+00:00,2026-02-10 13:39:00+00:00,1,1,0.9912191
2026-02-11 12:59:00+00:00,2026-02-11 13:14:00+00:00,1,1,0.9995883
2026-02-11 13:04:00+00:00,2026-02-11 13:19:00+00:00,1,1,0.9995883
2026-02-11 20:14:00+00:00,2026-02-11 20:29:00+00:00,1,1,0.998409
2026-02-11 20:19:00+00:00,2026-02-11 20:34:00+00:00,1,1,0.998409
2026-02-11 21:28:00+00:00,2026-02-11 21:43:00+00:00,1,1,0.9995239
2026-02-12 03:08:00+00:00,2026-02-12 03:23:00+00:00,1,1,0.9694829
2026-02-12 03:13:00+00:00,2026-02-12 03:28:00+00:00,1,1,0.99795985
2026-02-12 03:18:00+00:00,2026-02-12 03:33:00+00:00,1,1,0.99795985
2026-02-12 03:59:00+00:00,2026-02-12 04:14:00+00:00,1,1,0.9994562
2026-02-12 04:04:00+00:00,2026-02-12 04:19:00+00:00,1,1,0.9995028
2026-02-12 04:09:00+00:00,2026-02-12 04:24:00+00:00,1,1,0.998808
2026-02-12 04:14:00+00:00,2026-02-12 04:29:00+00:00,1,1,0.9968316
2026-02-12 04:19:00+00:00,2026-02-12 04:34:00+00:00,1,1,0.99672735
2026-02-12 04:24:00+00:00,2026-02-12 04:39:00+00:00,1,1,0.99672735
2026-02-12 04:44:00+00:00,2026-02-12 04:59:00+00:00,1,1,0.9963637
2026-02-12 17:29:00+00:00,2026-02-12 17:44:00+00:00,1,1,0.99966824
2026-02-12 17:34:00+00:00,2026-02-12 17:49:00+00:00,1,1,0.99966824
2026-02-12 17:39:00+00:00,2026-02-12 17:54:00+00:00,1,1,0.9991234
2026-02-13 02:44:00+00:00,2026-02-13 02:59:00+00:00,1,1,0.9954918
2026-02-13 02:49:00+00:00,2026-02-13 03:04:00+00:00,1,1,0.9954918
2026-02-13 02:54:00+00:00,2026-02-13 03:09:00+00:00,1,1,0.9991253
2026-02-13 03:29:00+00:00,2026-02-13 03:44:00+00:00,1,1,0.99653924
2026-02-13 03:34:00+00:00,2026-02-13 03:49:00+00:00,1,1,0.99653924
2026-02-13 13:04:00+00:00,2026-02-13 13:19:00+00:00,1,1,0.99604994
2026-02-13 13:09:00+00:00,2026-02-13 13:24:00+00:00,1,1,0.99604994
2026-02-13 13:14:00+00:00,2026-02-13 13:29:00+00:00,1,1,0.9921858
2026-02-13 20:54:00+00:00,2026-02-13 21:09:00+00:00,1,1,0.9975642
2026-02-13 23:04:00+00:00,2026-02-13 23:19:00+00:00,1,1,0.98167187
2026-02-13 23:09:00+00:00,2026-02-13 23:24:00+00:00,1,1,0.98167187
2026-02-13 23:14:00+00:00,2026-02-13 23:29:00+00:00,1,1,0.98167187
2026-02-14 04:59:00+00:00,2026-02-14 05:14:00+00:00,1,1,0.9944688
2026-02-14 05:24:00+00:00,2026-02-14 05:39:00+00:00,1,1,0.99969006
2026-02-14 05:29:00+00:00,2026-02-14 05:44:00+00:00,1,1,0.99604994
2026-02-14 05:34:00+00:00,2026-02-14 05:49:00+00:00,1,1,0.99604994
2026-02-14 06:14:00+00:00,2026-02-14 06:29:00+00:00,1,1,0.9966575
2026-02-14 06:19:00+00:00,2026-02-14 06:34:00+00:00,1,1,0.9966575
2026-02-14 15:29:00+00:00,2026-02-14 15:44:00+00:00,1,1,0.99675554
2026-02-14 15:34:00+00:00,2026-02-14 15:49:00+00:00,1,1,0.99675554
2026-02-14 15:39:00+00:00,2026-02-14 15:54:00+00:00,1,1,0.9982551
2026-02-14 15:44:00+00:00,2026-02-14 15:59:00+00:00,1,1,0.98983896
2026-02-14 15:49:00+00:00,2026-02-14 16:04:00+00:00,1,1,0.98983896
2026-02-14 20:29:00+00:00,2026-02-14 20:44:00+00:00,1,1,0.99545926
2026-02-14 20:34:00+00:00,2026-02-14 20:49:00+00:00,1,1,0.99545926
2026-02-15 01:29:00+00:00,2026-02-15 01:44:00+00:00,1,1,0.99860114
2026-02-15 09:19:00+00:00,2026-02-15 09:34:00+00:00,1,1,0.9829899
2026-02-15 09:24:00+00:00,2026-02-15 09:39:00+00:00,1,1,0.9829899
2026-02-15 13:03:00+00:00,2026-02-15 13:18:00+00:00,1,1,0.9850347
2026-02-15 13:08:00+00:00,2026-02-15 13:23:00+00:00,1,1,0.9850347
2026-02-15 20:29:00+00:00,2026-02-15 20:44:00+00:00,1,1,0.99863094
2026-02-15 20:34:00+00:00,2026-02-15 20:49:00+00:00,1,1,0.99863094
2026-02-15 21:09:00+00:00,2026-02-15 21:24:00+00:00,1,1,0.87255186
2026-02-15 21:54:00+00:00,2026-02-15 22:09:00+00:00,1,1,0.9852625
2026-02-16 18:14:00+00:00,2026-02-16 18:29:00+00:00,1,1,0.99892837
2026-02-16 18:19:00+00:00,2026-02-16 18:34:00+00:00,1,1,0.99892837
2026-02-16 18:24:00+00:00,2026-02-16 18:39:00+00:00,1,1,0.99892837
2026-02-17 03:39:00+00:00,2026-02-17 03:54:00+00:00,1,1,0.9927327
2026-02-17 03:44:00+00:00,2026-02-17 03:59:00+00:00,1,1,0.99933904
2026-02-17 03:49:00+00:00,2026-02-17 04:04:00+00:00,1,1,0.9995116
2026-02-17 03:54:00+00:00,2026-02-17 04:09:00+00:00,1,1,0.9982126
2026-02-17 03:59:00+00:00,2026-02-17 04:14:00+00:00,1,1,0.99212295
2026-02-17 04:09:00+00:00,2026-02-17 04:24:00+00:00,1,1,0.99765044
2026-02-17 07:34:00+00:00,2026-02-17 07:49:00+00:00,1,1,0.99682885
2026-02-17 07:39:00+00:00,2026-02-17 07:54:00+00:00,1,1,0.99682885
2026-02-17 15:53:00+00:00,2026-02-17 16:08:00+00:00,1,1,0.99960226
2026-02-18 00:14:00+00:00,2026-02-18 00:29:00+00:00,1,1,0.99936396
2026-02-18 00:19:00+00:00,2026-02-18 00:34:00+00:00,1,1,0.99936396
2026-02-18 06:14:00+00:00,2026-02-18 06:29:00+00:00,1,1,0.98950213
2026-02-18 11:44:00+00:00,2026-02-18 11:59:00+00:00,1,1,0.9537592
2026-02-18 11:49:00+00:00,2026-02-18 12:04:00+00:00,1,1,0.99025154
2026-02-18 11:54:00+00:00,2026-02-18 12:09:00+00:00,1,1,0.99025154
2026-02-18 11:59:00+00:00,2026-02-18 12:14:00+00:00,1,1,0.9921374
2026-02-18 12:09:00+00:00,2026-02-18 12:24:00+00:00,1,1,0.97275
2026-02-18 22:04:00+00:00,2026-02-18 22:19:00+00:00,1,1,0.9962923
2026-02-18 22:14:00+00:00,2026-02-18 22:29:00+00:00,1,1,0.9972012
2026-02-18 22:19:00+00:00,2026-02-18 22:34:00+00:00,1,1,0.99943393
2026-02-18 22:24:00+00:00,2026-02-18 22:39:00+00:00,1,1,0.99943393
2026-02-18 22:29:00+00:00,2026-02-18 22:44:00+00:00,1,1,0.9981325
2026-02-18 22:44:00+00:00,2026-02-18 22:59:00+00:00,1,1,0.9640115
2026-02-18 22:49:00+00:00,2026-02-18 23:04:00+00:00,1,1,0.99805367
2026-02-18 22:54:00+00:00,2026-02-18 23:09:00+00:00,1,1,0.99805367
2026-02-18 22:59:00+00:00,2026-02-18 23:14:00+00:00,1,1,0.98950493
2026-02-18 23:09:00+00:00,2026-02-18 23:24:00+00:00,1,1,0.99981207
2026-02-18 23:14:00+00:00,2026-02-18 23:29:00+00:00,1,1,0.9985649
2026-02-18 23:19:00+00:00,2026-02-18 23:34:00+00:00,1,1,0.9985649
2026-02-18 23:24:00+00:00,2026-02-18 23:39:00+00:00,1,1,0.9996425
2026-02-19 02:19:00+00:00,2026-02-19 02:34:00+00:00,1,1,0.99909604
2026-02-19 02:24:00+00:00,2026-02-19 02:39:00+00:00,1,1,0.99909604
2026-02-19 12:04:00+00:00,2026-02-19 12:19:00+00:00,1,1,0.950691
2026-02-19 12:14:00+00:00,2026-02-19 12:29:00+00:00,1,1,0.99635893
2026-02-19 12:24:00+00:00,2026-02-19 12:39:00+00:00,1,1,0.99973446
2026-02-19 12:34:00+00:00,2026-02-19 12:49:00+00:00,1,1,0.99617213
2026-02-19 12:39:00+00:00,2026-02-19 12:54:00+00:00,1,1,0.9983192
2026-02-19 12:44:00+00:00,2026-02-19 12:59:00+00:00,1,1,0.9983192
2026-02-20 09:39:00+00:00,2026-02-20 09:54:00+00:00,1,1,0.96870774
2026-02-20 17:07:00+00:00,2026-02-20 17:22:00+00:00,0,1,0.9958331
2026-02-20 17:12:00+00:00,2026-02-20 17:27:00+00:00,0,1,0.9958331
2026-02-20 17:17:00+00:00,2026-02-20 17:32:00+00:00,0,1,0.9958331
2026-02-20 23:54:00+00:00,2026-02-21 00:09:00+00:00,1,1,0.99958044
2026-02-21 11:49:00+00:00,2026-02-21 12:04:00+00:00,1,1,0.9941612
2026-02-21 11:54:00+00:00,2026-02-21 12:09:00+00:00,1,1,0.9971968
2026-02-21 11:59:00+00:00,2026-02-21 12:14:00+00:00,1,1,0.9992741
2026-02-21 12:04:00+00:00,2026-02-21 12:19:00+00:00,1,1,0.9942694
2026-02-21 21:19:00+00:00,2026-02-21 21:34:00+00:00,1,1,0.996725
2026-02-21 21:24:00+00:00,2026-02-21 21:39:00+00:00,1,1,0.994288
2026-02-21 21:29:00+00:00,2026-02-21 21:44:00+00:00,1,1,0.994288
2026-02-22 00:39:00+00:00,2026-02-22 00:54:00+00:00,1,1,0.9966305
2026-02-22 00:44:00+00:00,2026-02-22 00:59:00+00:00,1,1,0.9966305
2026-02-22 00:49:00+00:00,2026-02-22 01:04:00+00:00,1,1,0.99885964
2026-02-22 00:59:00+00:00,2026-02-22 01:14:00+00:00,1,1,0.9948166
2026-02-22 01:09:00+00:00,2026-02-22 01:24:00+00:00,1,1,0.9994702
2026-02-22 01:19:00+00:00,2026-02-22 01:34:00+00:00,1,1,0.9939633
2026-02-22 01:24:00+00:00,2026-02-22 01:39:00+00:00,1,1,0.9979095
2026-02-22 01:29:00+00:00,2026-02-22 01:44:00+00:00,1,1,0.9981152
2026-02-22 01:34:00+00:00,2026-02-22 01:49:00+00:00,1,1,0.9755265
2026-02-22 01:54:00+00:00,2026-02-22 02:09:00+00:00,1,1,0.9988238
2026-02-22 01:59:00+00:00,2026-02-22 02:14:00+00:00,1,1,0.99662006
2026-02-22 02:04:00+00:00,2026-02-22 02:19:00+00:00,1,1,0.99366874
2026-02-22 02:09:00+00:00,2026-02-22 02:24:00+00:00,1,1,0.9980738
2026-02-22 02:14:00+00:00,2026-02-22 02:29:00+00:00,1,1,0.9980738
2026-02-22 02:19:00+00:00,2026-02-22 02:34:00+00:00,1,1,0.99985826
2026-02-22 02:29:00+00:00,2026-02-22 02:44:00+00:00,1,1,0.9972101
2026-02-22 05:09:00+00:00,2026-02-22 05:24:00+00:00,1,1,0.9987752
2026-02-22 08:24:00+00:00,2026-02-22 08:39:00+00:00,1,1,0.9927315
2026-02-22 20:08:00+00:00,2026-02-22 20:23:00+00:00,1,1,0.9974617
2026-02-23 03:54:00+00:00,2026-02-23 04:09:00+00:00,1,1,0.9991542
2026-02-23 03:59:00+00:00,2026-02-23 04:14:00+00:00,1,1,0.9950117
2026-02-23 04:04:00+00:00,2026-02-23 04:19:00+00:00,1,1,0.9950117
2026-02-23 04:09:00+00:00,2026-02-23 04:24:00+00:00,1,1,0.99637294
2026-02-23 09:13:00+00:00,2026-02-23 09:28:00+00:00,1,1,0.94454587
2026-02-23 09:18:00+00:00,2026-02-23 09:33:00+00:00,1,1,0.94454587
2026-02-23 13:04:00+00:00,2026-02-23 13:19:00+00:00,1,1,0.99785066
2026-02-23 13:09:00+00:00,2026-02-23 13:24:00+00:00,1,1,0.99785066
2026-02-23 21:19:00+00:00,2026-02-23 21:34:00+00:00,1,1,0.99976736
2026-02-23 21:24:00+00:00,2026-02-23 21:39:00+00:00,1,1,0.99884677
2026-02-23 21:29:00+00:00,2026-02-23 21:44:00+00:00,1,1,0.99956614
2026-02-24 17:27:00+00:00,2026-02-24 17:42:00+00:00,0,1,0.9930025
2026-02-24 17:32:00+00:00,2026-02-24 17:47:00+00:00,0,1,0.9930025
2026-02-24 19:08:00+00:00,2026-02-24 19:23:00+00:00,1,1,0.99591124
2026-02-24 19:13:00+00:00,2026-02-24 19:28:00+00:00,1,1,0.99591124
2026-02-24 19:18:00+00:00,2026-02-24 19:33:00+00:00,1,1,0.99896646
2026-02-24 19:23:00+00:00,2026-02-24 19:38:00+00:00,1,1,0.7449946
2026-02-24 19:28:00+00:00,2026-02-24 19:43:00+00:00,1,1,0.7449946
2026-02-25 00:34:00+00:00,2026-02-25 00:49:00+00:00,1,1,0.99924624
2026-02-25 00:39:00+00:00,2026-02-25 00:54:00+00:00,1,1,0.9993825
2026-02-25 00:44:00+00:00,2026-02-25 00:59:00+00:00,1,1,0.9993825
2026-02-25 08:34:00+00:00,2026-02-25 08:49:00+00:00,1,1,0.9995053
2026-02-25 08:39:00+00:00,2026-02-25 08:54:00+00:00,1,1,0.9995053
2026-02-25 08:44:00+00:00,2026-02-25 08:59:00+00:00,1,1,0.9876599
2026-02-25 08:59:00+00:00,2026-02-25 09:14:00+00:00,1,1,0.98385024
2026-02-25 09:09:00+00:00,2026-02-25 09:24:00+00:00,1,1,0.9981505
2026-02-25 18:14:00+00:00,2026-02-25 18:29:00+00:00,1,1,0.9888467
2026-02-25 18:19:00+00:00,2026-02-25 18:34:00+00:00,1,1,0.9888467
2026-02-25 18:24:00+00:00,2026-02-25 18:39:00+00:00,1,1,0.9888467
2026-02-26 17:39:00+00:00,2026-02-26 17:54:00+00:00,1,1,0.9946036
2026-02-26 17:44:00+00:00,2026-02-26 17:59:00+00:00,1,1,0.9946036
2026-02-26 20:04:00+00:00,2026-02-26 20:19:00+00:00,1,1,0.99609727
2026-02-26 20:09:00+00:00,2026-02-26 20:24:00+00:00,1,1,0.99609727
2026-02-26 20:14:00+00:00,2026-02-26 20:29:00+00:00,1,1,0.99894124
2026-02-26 20:19:00+00:00,2026-02-26 20:34:00+00:00,1,1,0.9985098
2026-02-26 20:24:00+00:00,2026-02-26 20:39:00+00:00,1,1,0.9985098
2026-02-26 22:59:00+00:00,2026-02-26 23:14:00+00:00,1,1,0.99870753
2026-02-27 03:54:00+00:00,2026-02-27 04:09:00+00:00,1,1,0.9963123
2026-02-27 03:59:00+00:00,2026-02-27 04:14:00+00:00,1,1,0.98379827
2026-02-27 04:04:00+00:00,2026-02-27 04:19:00+00:00,1,1,0.9988889
2026-02-27 04:09:00+00:00,2026-02-27 04:24:00+00:00,1,1,0.99638003
2026-02-27 04:14:00+00:00,2026-02-27 04:29:00+00:00,1,1,0.9995425
2026-02-27 10:34:00+00:00,2026-02-27 10:49:00+00:00,1,1,0.9997427
2026-02-27 10:39:00+00:00,2026-02-27 10:54:00+00:00,1,1,0.9997427
2026-02-27 10:44:00+00:00,2026-02-27 10:59:00+00:00,1,1,0.9994987
2026-02-27 19:54:00+00:00,2026-02-27 20:09:00+00:00,1,1,0.9898309
2026-02-27 19:59:00+00:00,2026-02-27 20:14:00+00:00,1,1,0.9608114
2026-02-27 20:04:00+00:00,2026-02-27 20:19:00+00:00,1,1,0.9990225
2026-02-27 20:09:00+00:00,2026-02-27 20:24:00+00:00,1,1,0.9988023
2026-02-28 21:04:00+00:00,2026-02-28 21:19:00+00:00,1,1,0.99887127
2026-02-28 22:43:00+00:00,2026-02-28 22:58:00+00:00,1,1,0.98463887
2026-02-28 22:48:00+00:00,2026-02-28 23:03:00+00:00,1,1,0.9919321
2026-02-28 22:53:00+00:00,2026-02-28 23:08:00+00:00,1,1,0.9919321
2026-02-28 22:58:00+00:00,2026-02-28 23:13:00+00:00,1,1,0.9865393
2026-03-01 04:44:00+00:00,2026-03-01 04:59:00+00:00,1,1,0.9993273
2026-03-01 04:54:00+00:00,2026-03-01 05:09:00+00:00,1,1,0.9982628
2026-03-01 04:59:00+00:00,2026-03-01 05:14:00+00:00,1,1,0.9974025
2026-03-01 05:04:00+00:00,2026-03-01 05:19:00+00:00,1,1,0.9974025
2026-03-01 08:34:00+00:00,2026-03-01 08:49:00+00:00,1,1,0.99958974
2026-03-01 18:49:00+00:00,2026-03-01 19:04:00+00:00,1,1,0.9984647
2026-03-01 18:54:00+00:00,2026-03-01 19:09:00+00:00,1,1,0.9984647
2026-03-02 07:49:00+00:00,2026-03-02 08:04:00+00:00,1,1,0.9906821
2026-03-02 07:54:00+00:00,2026-03-02 08:09:00+00:00,1,1,0.9906821
2026-03-02 08:43:00+00:00,2026-03-02 08:58:00+00:00,1,1,0.9977143
2026-03-02 08:48:00+00:00,2026-03-02 09:03:00+00:00,1,1,0.9923638
2026-03-02 08:53:00+00:00,2026-03-02 09:08:00+00:00,1,1,0.9979221
2026-03-02 08:58:00+00:00,2026-03-02 09:13:00+00:00,1,1,0.94770736
2026-03-02 17:57:00+00:00,2026-03-02 18:12:00+00:00,0,1,0.99937683
2026-03-03 04:29:00+00:00,2026-03-03 04:44:00+00:00,1,1,0.999635
2026-03-03 04:34:00+00:00,2026-03-03 04:49:00+00:00,1,1,0.999635
2026-03-03 04:39:00+00:00,2026-03-03 04:54:00+00:00,1,1,0.9997234
2026-03-03 04:44:00+00:00,2026-03-03 04:59:00+00:00,1,1,0.98974377
2026-03-03 04:49:00+00:00,2026-03-03 05:04:00+00:00,1,1,0.98974377
2026-03-03 04:54:00+00:00,2026-03-03 05:09:00+00:00,1,1,0.9980236
2026-03-03 07:44:00+00:00,2026-03-03 07:59:00+00:00,1,1,0.99957126
2026-03-04 01:19:00+00:00,2026-03-04 01:34:00+00:00,1,1,0.99949443
2026-03-04 01:24:00+00:00,2026-03-04 01:39:00+00:00,1,1,0.9981178
2026-03-04 01:29:00+00:00,2026-03-04 01:44:00+00:00,1,1,0.9981178
2026-03-04 06:09:00+00:00,2026-03-04 06:24:00+00:00,1,1,0.99928373
2026-03-04 06:14:00+00:00,2026-03-04 06:29:00+00:00,1,1,0.99944276
2026-03-04 06:19:00+00:00,2026-03-04 06:34:00+00:00,1,1,0.99944276
2026-03-04 06:34:00+00:00,2026-03-04 06:49:00+00:00,1,1,0.9990251
2026-03-04 06:39:00+00:00,2026-03-04 06:54:00+00:00,1,1,0.9978999
2026-03-04 06:44:00+00:00,2026-03-04 06:59:00+00:00,1,1,0.9978999
2026-03-04 11:04:00+00:00,2026-03-04 11:19:00+00:00,1,1,0.99928015
2026-03-04 11:09:00+00:00,2026-03-04 11:24:00+00:00,1,1,0.9982496
2026-03-04 11:14:00+00:00,2026-03-04 11:29:00+00:00,1,1,0.9982496
2026-03-04 11:19:00+00:00,2026-03-04 11:34:00+00:00,1,1,0.99967504
2026-03-04 11:24:00+00:00,2026-03-04 11:39:00+00:00,1,1,0.94485694
2026-03-04 11:29:00+00:00,2026-03-04 11:44:00+00:00,1,1,0.94485694
2026-03-04 18:44:00+00:00,2026-03-04 18:59:00+00:00,1,1,0.98677516
2026-03-05 03:39:00+00:00,2026-03-05 03:54:00+00:00,1,1,0.9982868
2026-03-05 03:49:00+00:00,2026-03-05 04:04:00+00:00,1,1,0.9961138
2026-03-05 05:58:00+00:00,2026-03-05 06:13:00+00:00,1,1,0.99277544
2026-03-05 06:03:00+00:00,2026-03-05 06:18:00+00:00,1,1,0.99277544
2026-03-05 06:08:00+00:00,2026-03-05 06:23:00+00:00,1,1,0.99277544
2026-03-05 09:44:00+00:00,2026-03-05 09:59:00+00:00,1,1,0.9976338
2026-03-05 09:49:00+00:00,2026-03-05 10:04:00+00:00,1,1,0.9976338
2026-03-05 13:59:00+00:00,2026-03-05 14:14:00+00:00,1,1,0.99007213
2026-03-05 14:04:00+00:00,2026-03-05 14:19:00+00:00,1,1,0.9973526
2026-03-05 14:09:00+00:00,2026-03-05 14:24:00+00:00,1,1,0.999635
2026-03-05 17:14:00+00:00,2026-03-05 17:29:00+00:00,1,1,0.9993917
2026-03-05 17:19:00+00:00,2026-03-05 17:34:00+00:00,1,1,0.9993917
2026-03-06 01:44:00+00:00,2026-03-06 01:59:00+00:00,1,1,0.9992993
2026-03-06 18:49:00+00:00,2026-03-06 19:04:00+00:00,1,1,0.9976526
2026-03-06 18:54:00+00:00,2026-03-06 19:09:00+00:00,1,1,0.9977386
2026-03-06 18:59:00+00:00,2026-03-06 19:14:00+00:00,1,1,0.9925328
2026-03-06 19:04:00+00:00,2026-03-06 19:19:00+00:00,1,1,0.9979108
2026-03-07 03:44:00+00:00,2026-03-07 03:59:00+00:00,1,1,0.99880946
2026-03-07 10:14:00+00:00,2026-03-07 10:29:00+00:00,1,1,0.9959014
2026-03-07 10:19:00+00:00,2026-03-07 10:34:00+00:00,1,1,0.993156
2026-03-07 10:24:00+00:00,2026-03-07 10:39:00+00:00,1,1,0.993156
2026-03-07 14:28:00+00:00,2026-03-07 14:43:00+00:00,1,1,0.9990675
2026-03-07 14:33:00+00:00,2026-03-07 14:48:00+00:00,1,1,0.9990675
2026-03-07 14:38:00+00:00,2026-03-07 14:53:00+00:00,1,1,0.9996395
2026-03-07 14:48:00+00:00,2026-03-07 15:03:00+00:00,1,1,0.95525044
2026-03-07 14:54:00+00:00,2026-03-07 15:09:00+00:00,1,1,0.9906053
2026-03-07 17:48:00+00:00,2026-03-07 18:03:00+00:00,1,1,0.99536383
2026-03-08 08:59:00+00:00,2026-03-08 09:14:00+00:00,1,1,0.99494284
2026-03-08 09:04:00+00:00,2026-03-08 09:19:00+00:00,1,1,0.99337417
2026-03-08 09:09:00+00:00,2026-03-08 09:24:00+00:00,1,1,0.99711007
2026-03-09 19:24:00+00:00,2026-03-09 19:39:00+00:00,1,1,0.99801195
2026-03-09 19:29:00+00:00,2026-03-09 19:44:00+00:00,1,1,0.99801195
2026-03-09 19:34:00+00:00,2026-03-09 19:49:00+00:00,1,1,0.99801195
2026-03-10 12:54:00+00:00,2026-03-10 13:09:00+00:00,1,1,0.9993079
2026-03-10 16:59:00+00:00,2026-03-10 17:14:00+00:00,1,1,0.9991763
2026-03-10 17:09:00+00:00,2026-03-10 17:24:00+00:00,1,1,0.98971635
2026-03-11 09:49:00+00:00,2026-03-11 10:04:00+00:00,1,1,0.9632794
2026-03-11 12:48:00+00:00,2026-03-11 13:03:00+00:00,1,1,0.99968934
2026-03-11 12:53:00+00:00,2026-03-11 13:08:00+00:00,1,1,0.99968934
2026-03-11 21:19:00+00:00,2026-03-11 21:34:00+00:00,1,1,0.99949765
2026-03-11 21:24:00+00:00,2026-03-11 21:39:00+00:00,1,1,0.99753845
2026-03-11 21:29:00+00:00,2026-03-11 21:44:00+00:00,1,1,0.99753845
2026-03-11 21:34:00+00:00,2026-03-11 21:49:00+00:00,1,1,0.99642473
2026-03-11 21:44:00+00:00,2026-03-11 21:59:00+00:00,1,1,0.9778552
2026-03-11 21:54:00+00:00,2026-03-11 22:09:00+00:00,1,1,0.99392456
2026-03-12 01:09:00+00:00,2026-03-12 01:24:00+00:00,1,1,0.99836296
2026-03-12 01:19:00+00:00,2026-03-12 01:34:00+00:00,1,1,0.9936027
2026-03-12 01:29:00+00:00,2026-03-12 01:44:00+00:00,1,1,0.9978942
2026-03-13 06:59:00+00:00,2026-03-13 07:14:00+00:00,1,1,0.9843248
2026-03-13 07:09:00+00:00,2026-03-13 07:24:00+00:00,1,1,0.9972078
2026-03-13 07:19:00+00:00,2026-03-13 07:34:00+00:00,1,1,0.9518007
2026-03-13 09:53:00+00:00,2026-03-13 10:08:00+00:00,1,1,0.9993942
2026-03-13 09:58:00+00:00,2026-03-13 10:13:00+00:00,1,1,0.9993942
2026-03-13 10:03:00+00:00,2026-03-13 10:18:00+00:00,1,1,0.99555594
2026-03-13 18:19:00+00:00,2026-03-13 18:34:00+00:00,1,1,0.9948644
2026-03-13 18:24:00+00:00,2026-03-13 18:39:00+00:00,1,1,0.9948644
2026-03-14 00:09:00+00:00,2026-03-14 00:24:00+00:00,1,1,0.99964595
2026-03-14 00:14:00+00:00,2026-03-14 00:29:00+00:00,1,1,0.9990427
2026-03-14 00:19:00+00:00,2026-03-14 00:34:00+00:00,1,1,0.9990427
2026-03-14 02:09:00+00:00,2026-03-14 02:24:00+00:00,1,1,0.99916303
2026-03-14 02:29:00+00:00,2026-03-14 02:44:00+00:00,1,1,0.99877244
2026-03-14 02:34:00+00:00,2026-03-14 02:49:00+00:00,1,1,0.9929469
2026-03-14 02:39:00+00:00,2026-03-14 02:54:00+00:00,1,1,0.9734167
2026-03-14 10:34:00+00:00,2026-03-14 10:49:00+00:00,1,1,0.99955124
2026-03-14 10:39:00+00:00,2026-03-14 10:54:00+00:00,1,1,0.99955124
2026-03-14 10:44:00+00:00,2026-03-14 10:59:00+00:00,1,1,0.99908006
2026-03-14 21:34:00+00:00,2026-03-14 21:49:00+00:00,1,1,0.99783903
2026-03-14 21:39:00+00:00,2026-03-14 21:54:00+00:00,1,1,0.99866664
2026-03-14 21:44:00+00:00,2026-03-14 21:59:00+00:00,1,1,0.99047285
2026-03-15 10:48:00+00:00,2026-03-15 11:03:00+00:00,1,1,0.9879111
2026-03-15 10:53:00+00:00,2026-03-15 11:08:00+00:00,1,1,0.9879111
2026-03-15 16:28:00+00:00,2026-03-15 16:43:00+00:00,1,1,0.9969151
2026-03-17 14:22:00+00:00,2026-03-17 14:37:00+00:00,0,1,0.9133995
2026-03-17 14:27:00+00:00,2026-03-17 14:42:00+00:00,0,1,0.9133995
2026-03-18 04:43:00+00:00,2026-03-18 04:58:00+00:00,1,1,0.97134304
2026-03-18 04:48:00+00:00,2026-03-18 05:03:00+00:00,1,1,0.97134304
2026-03-19 11:23:00+00:00,2026-03-19 11:38:00+00:00,1,1,0.9949974
2026-03-19 11:28:00+00:00,2026-03-19 11:43:00+00:00,1,1,0.99864846
2026-03-19 11:33:00+00:00,2026-03-19 11:48:00+00:00,1,1,0.9995547
2026-03-20 13:13:00+00:00,2026-03-20 13:28:00+00:00,1,1,0.9939224
2026-03-20 13:18:00+00:00,2026-03-20 13:33:00+00:00,1,1,0.9939224
2026-03-20 13:23:00+00:00,2026-03-20 13:38:00+00:00,1,1,0.9939224
2026-03-21 13:43:00+00:00,2026-03-21 13:58:00+00:00,1,1,0.98983043
2026-03-21 13:48:00+00:00,2026-03-21 14:03:00+00:00,1,1,0.99872893
2026-03-21 13:53:00+00:00,2026-03-21 14:08:00+00:00,1,1,0.9954079
2026-03-21 13:58:00+00:00,2026-03-21 14:13:00+00:00,1,1,0.9956416
2026-03-25 15:42:00+00:00,2026-03-25 15:57:00+00:00,0,1,0.96981996
2026-03-26 07:13:00+00:00,2026-03-26 07:28:00+00:00,1,1,0.9385632
2026-03-26 07:18:00+00:00,2026-03-26 07:33:00+00:00,1,1,0.9385632
2026-03-27 04:23:00+00:00,2026-03-27 04:38:00+00:00,1,1,0.95385593
2026-03-27 04:28:00+00:00,2026-03-27 04:43:00+00:00,1,1,0.9796363
2026-03-27 04:33:00+00:00,2026-03-27 04:48:00+00:00,1,1,0.9602129
2026-03-27 04:38:00+00:00,2026-03-27 04:53:00+00:00,1,1,0.9994986
2026-03-28 13:03:00+00:00,2026-03-28 13:18:00+00:00,1,1,0.9964065
2026-03-29 12:13:00+00:00,2026-03-29 12:28:00+00:00,1,1,0.9944502
2026-03-29 12:18:00+00:00,2026-03-29 12:33:00+00:00,1,1,0.9944502
2026-03-29 12:23:00+00:00,2026-03-29 12:38:00+00:00,1,1,0.9381152
2026-03-29 17:58:00+00:00,2026-03-29 18:13:00+00:00,1,1,0.9970805
2026-03-31 02:33:00+00:00,2026-03-31 02:48:00+00:00,1,1,0.9865834
2026-03-31 02:38:00+00:00,2026-03-31 02:53:00+00:00,1,1,0.9865834
2026-03-31 08:28:00+00:00,2026-03-31 08:43:00+00:00,1,1,0.99138486
2026-03-31 08:33:00+00:00,2026-03-31 08:48:00+00:00,1,1,0.995546
2026-03-31 08:38:00+00:00,2026-03-31 08:53:00+00:00,1,1,0.995546
2026-03-31 08:43:00+00:00,2026-03-31 08:58:00+00:00,1,1,0.9981431
2026-04-01 20:13:00+00:00,2026-04-01 20:28:00+00:00,1,1,0.9985532
2026-04-01 20:18:00+00:00,2026-04-01 20:33:00+00:00,1,1,0.9985532
2026-04-01 20:23:00+00:00,2026-04-01 20:38:00+00:00,1,1,0.9985532
2026-04-05 12:08:00+00:00,2026-04-05 12:23:00+00:00,1,1,0.9994593
2026-04-05 12:13:00+00:00,2026-04-05 12:28:00+00:00,1,1,0.9994593
2026-04-09 04:53:00+00:00,2026-04-09 05:08:00+00:00,1,1,0.9883128
2026-04-09 04:58:00+00:00,2026-04-09 05:13:00+00:00,1,1,0.99613625
2026-04-09 05:03:00+00:00,2026-04-09 05:18:00+00:00,1,1,0.99613625
2026-04-09 05:08:00+00:00,2026-04-09 05:23:00+00:00,1,1,0.9903604
2026-04-09 05:18:00+00:00,2026-04-09 05:33:00+00:00,1,1,0.9642641
2026-04-10 15:23:00+00:00,2026-04-10 15:38:00+00:00,1,1,0.9968387
2026-04-10 15:28:00+00:00,2026-04-10 15:43:00+00:00,1,1,0.9968387
2026-04-11 08:48:00+00:00,2026-04-11 09:03:00+00:00,1,1,0.99885213
2026-04-11 08:53:00+00:00,2026-04-11 09:08:00+00:00,1,1,0.9982685
2026-04-11 08:58:00+00:00,2026-04-11 09:13:00+00:00,1,1,0.9982685
2026-04-13 06:03:00+00:00,2026-04-13 06:18:00+00:00,1,1,0.9627092
2026-04-17 16:43:00+00:00,2026-04-17 16:58:00+00:00,1,1,0.99685353
2026-04-17 16:48:00+00:00,2026-04-17 17:03:00+00:00,1,1,0.99685353
2026-04-20 05:28:00+00:00,2026-04-20 05:43:00+00:00,1,1,0.99948406
2026-04-21 07:33:00+00:00,2026-04-21 07:48:00+00:00,1,1,0.8596076
2026-04-23 10:18:00+00:00,2026-04-23 10:33:00+00:00,1,1,0.9935296
2026-04-24 10:13:00+00:00,2026-04-24 10:28:00+00:00,1,1,0.9959055
2026-04-24 10:23:00+00:00,2026-04-24 10:38:00+00:00,1,1,0.93638974
2026-04-25 04:38:00+00:00,2026-04-25 04:53:00+00:00,1,1,0.9872799
2026-04-25 04:43:00+00:00,2026-04-25 04:58:00+00:00,1,1,0.9872799
2026-04-25 04:48:00+00:00,2026-04-25 05:03:00+00:00,1,1,0.9872799
2026-04-26 08:33:00+00:00,2026-04-26 08:48:00+00:00,1,1,0.94060457
2026-04-26 08:38:00+00:00,2026-04-26 08:53:00+00:00,1,1,0.94060457
2026-04-26 08:43:00+00:00,2026-04-26 08:58:00+00:00,1,1,0.94060457
2026-04-28 07:53:00+00:00,2026-04-28 08:08:00+00:00,1,1,0.9989889
2026-04-28 07:58:00+00:00,2026-04-28 08:13:00+00:00,1,1,0.9989889
2026-05-01 09:58:00+00:00,2026-05-01 10:13:00+00:00,1,1,0.9811761
2026-05-06 13:23:00+00:00,2026-05-06 13:38:00+00:00,1,1,0.999385
2026-05-06 13:28:00+00:00,2026-05-06 13:43:00+00:00,1,1,0.999385
2026-05-09 19:03:00+00:00,2026-05-09 19:18:00+00:00,1,1,0.96124774
2026-05-09 19:08:00+00:00,2026-05-09 19:23:00+00:00,1,1,0.909077
2026-05-09 19:13:00+00:00,2026-05-09 19:28:00+00:00,1,1,0.909077
2026-05-12 17:13:00+00:00,2026-05-12 17:28:00+00:00,1,1,0.9986645
2026-05-12 17:18:00+00:00,2026-05-12 17:33:00+00:00,1,1,0.9986645
2026-05-19 21:03:00+00:00,2026-05-19 21:18:00+00:00,1,1,0.9829668
2026-05-19 21:08:00+00:00,2026-05-19 21:23:00+00:00,1,1,0.9829668
2026-05-22 23:13:00+00:00,2026-05-22 23:28:00+00:00,1,1,0.99218327
2026-06-02 06:43:00+00:00,2026-06-02 06:58:00+00:00,1,1,0.9920359
2026-06-02 06:48:00+00:00,2026-06-02 07:03:00+00:00,1,1,0.9920359
2026-06-03 15:38:00+00:00,2026-06-03 15:53:00+00:00,1,1,0.9944043
2026-06-03 15:43:00+00:00,2026-06-03 15:58:00+00:00,1,1,0.9944043
2026-06-03 15:48:00+00:00,2026-06-03 16:03:00+00:00,1,1,0.9949303
2026-06-04 00:13:00+00:00,2026-06-04 00:28:00+00:00,1,1,0.9932098
2026-06-06 04:53:00+00:00,2026-06-06 05:08:00+00:00,1,1,0.9902722
2026-06-06 04:58:00+00:00,2026-06-06 05:13:00+00:00,1,1,0.9902722
2026-06-06 05:03:00+00:00,2026-06-06 05:18:00+00:00,1,1,0.9902722
2026-06-06 06:33:00+00:00,2026-06-06 06:48:00+00:00,1,1,0.99781334
2026-06-06 06:38:00+00:00,2026-06-06 06:53:00+00:00,1,1,0.99781334
2026-06-07 03:53:00+00:00,2026-06-07 04:08:00+00:00,1,1,0.99835926
2026-06-08 05:58:00+00:00,2026-06-08 06:13:00+00:00,1,1,0.99851745
2026-06-08 06:08:00+00:00,2026-06-08 06:23:00+00:00,1,1,0.9644579
2026-06-08 14:58:00+00:00,2026-06-08 15:13:00+00:00,1,1,0.9986683
2026-06-08 15:03:00+00:00,2026-06-08 15:18:00+00:00,1,1,0.9986683
2026-06-09 11:37:00+00:00,2026-06-09 11:52:00+00:00,0,0,0.29327887
2026-06-09 11:42:00+00:00,2026-06-09 11:57:00+00:00,0,0,0.29327887
2026-06-12 14:27:00+00:00,2026-06-12 14:42:00+00:00,0,1,0.9556391
2026-06-12 18:18:00+00:00,2026-06-12 18:33:00+00:00,1,1,0.995419
2026-06-12 18:23:00+00:00,2026-06-12 18:38:00+00:00,1,1,0.995419
2026-06-12 18:28:00+00:00,2026-06-12 18:43:00+00:00,1,1,0.99780077
2026-06-12 18:33:00+00:00,2026-06-12 18:48:00+00:00,1,1,0.99657744
2026-06-12 18:38:00+00:00,2026-06-12 18:53:00+00:00,1,1,0.99657744
2026-06-13 20:13:00+00:00,2026-06-13 20:28:00+00:00,1,1,0.9977385
2026-06-13 20:18:00+00:00,2026-06-13 20:33:00+00:00,1,1,0.9977385
2026-06-15 16:53:00+00:00,2026-06-15 17:08:00+00:00,1,1,0.9945004
2026-06-15 16:58:00+00:00,2026-06-15 17:13:00+00:00,1,1,0.9945004
2026-06-18 16:33:00+00:00,2026-06-18 16:48:00+00:00,1,1,0.76122504
2026-06-19 15:18:00+00:00,2026-06-19 15:33:00+00:00,1,1,0.9991573
2026-06-19 15:28:00+00:00,2026-06-19 15:43:00+00:00,1,1,0.9988481
2026-06-22 01:03:00+00:00,2026-06-22 01:18:00+00:00,1,1,0.97068226
2026-06-22 01:08:00+00:00,2026-06-22 01:23:00+00:00,1,1,0.9987507
2026-06-22 01:13:00+00:00,2026-06-22 01:28:00+00:00,1,1,0.9965731
2026-06-22 01:18:00+00:00,2026-06-22 01:33:00+00:00,1,1,0.9813395
2026-06-23 06:53:00+00:00,2026-06-23 07:08:00+00:00,1,1,0.9853064
2026-06-23 06:58:00+00:00,2026-06-23 07:13:00+00:00,1,1,0.9853064
2026-06-26 12:58:00+00:00,2026-06-26 13:13:00+00:00,1,1,0.9980082
2026-06-26 13:03:00+00:00,2026-06-26 13:18:00+00:00,1,1,0.9980082
2026-06-26 13:08:00+00:00,2026-06-26 13:23:00+00:00,1,1,0.9980082
2026-06-27 15:53:00+00:00,2026-06-27 16:08:00+00:00,1,1,0.9984092
2026-06-27 15:58:00+00:00,2026-06-27 16:13:00+00:00,1,1,0.9984092
2026-06-29 12:53:00+00:00,2026-06-29 13:08:00+00:00,1,1,0.9913201
2026-06-29 12:58:00+00:00,2026-06-29 13:13:00+00:00,1,1,0.9913201
2026-06-30 16:58:00+00:00,2026-06-30 17:13:00+00:00,1,1,0.9956989
2026-06-30 17:03:00+00:00,2026-06-30 17:18:00+00:00,1,1,0.9956989
2026-06-30 17:08:00+00:00,2026-06-30 17:23:00+00:00,1,1,0.9956989
2026-07-01 20:12:00+00:00,2026-07-01 20:27:00+00:00,0,1,0.99020725
2026-07-01 20:17:00+00:00,2026-07-01 20:32:00+00:00,0,1,0.99020725
2026-07-01 20:22:00+00:00,2026-07-01 20:37:00+00:00,0,1,0.99020725
2026-07-07 17:17:00+00:00,2026-07-07 17:32:00+00:00,0,1,0.9955266
2026-07-07 17:22:00+00:00,2026-07-07 17:37:00+00:00,0,1,0.9955266
2026-07-07 17:27:00+00:00,2026-07-07 17:42:00+00:00,0,1,0.9955266
2026-07-10 11:58:00+00:00,2026-07-10 12:13:00+00:00,1,1,0.9398491
2026-07-13 08:58:00+00:00,2026-07-13 09:13:00+00:00,1,1,0.91346437
2026-07-14 23:28:00+00:00,2026-07-14 23:43:00+00:00,1,1,0.99764436
2026-07-16 19:03:00+00:00,2026-07-16 19:18:00+00:00,1,1,0.99690175
2026-07-16 19:08:00+00:00,2026-07-16 19:23:00+00:00,1,1,0.99690175
2026-07-19 16:58:00+00:00,2026-07-19 17:13:00+00:00,1,1,0.998178
2026-07-24 12:43:00+00:00,2026-07-24 12:58:00+00:00,1,1,0.9994405
2026-07-28 05:38:00+00:00,2026-07-28 05:53:00+00:00,1,1,0.9954449
2026-07-28 05:43:00+00:00,2026-07-28 05:58:00+00:00,1,1,0.9954449
2026-07-28 05:48:00+00:00,2026-07-28 06:03:00+00:00,1,1,0.9960509
2026-07-28 05:53:00+00:00,2026-07-28 06:08:00+00:00,1,1,0.99704605
2026-07-28 05:58:00+00:00,2026-07-28 06:13:00+00:00,1,1,0.99704605
2026-07-29 10:23:00+00:00,2026-07-29 10:38:00+00:00,1,1,0.99961
2026-07-30 15:43:00+00:00,2026-07-30 15:58:00+00:00,1,1,0.99703765
2026-07-30 15:48:00+00:00,2026-07-30 16:03:00+00:00,1,1,0.99703765
2026-07-30 15:53:00+00:00,2026-07-30 16:08:00+00:00,1,1,0.99703765
2026-07-30 18:18:00+00:00,2026-07-30 18:33:00+00:00,1,1,0.82167
2026-07-30 18:23:00+00:00,2026-07-30 18:38:00+00:00,1,1,0.82167
2026-07-30 18:28:00+00:00,2026-07-30 18:43:00+00:00,1,1,0.82167
2026-08-03 09:08:00+00:00,2026-08-03 09:23:00+00:00,1,1,0.9976464
2026-08-03 09:13:00+00:00,2026-08-03 09:28:00+00:00,1,1,0.9976464
2026-08-03 09:18:00+00:00,2026-08-03 09:33:00+00:00,1,1,0.9976464
2026-08-08 11:48:00+00:00,2026-08-08 12:03:00+00:00,1,1,0.9993425
2026-08-08 11:58:00+00:00,2026-08-08 12:13:00+00:00,1,1,0.99691427
2026-08-11 03:38:00+00:00,2026-08-11 03:53:00+00:00,1,1,0.99371296
2026-08-11 03:58:00+00:00,2026-08-11 04:13:00+00:00,1,1,0.99625236
2026-08-11 04:03:00+00:00,2026-08-11 04:18:00+00:00,1,1,0.99625236
2026-08-13 06:53:00+00:00,2026-08-13 07:08:00+00:00,1,1,0.9916368
2026-08-13 06:58:00+00:00,2026-08-13 07:13:00+00:00,1,1,0.9916368
2026-08-13 07:03:00+00:00,2026-08-13 07:18:00+00:00,1,1,0.9916368
2026-08-14 05:53:00+00:00,2026-08-14 06:08:00+00:00,1,1,0.9983569
2026-08-14 05:58:00+00:00,2026-08-14 06:13:00+00:00,1,1,0.9983569
2026-08-14 06:03:00+00:00,2026-08-14 06:18:00+00:00,1,1,0.9976382
2026-08-15 07:53:00+00:00,2026-08-15 08:08:00+00:00,1,1,0.9878505
2026-08-16 09:28:00+00:00,2026-08-16 09:43:00+00:00,1,1,0.9970414
2026-08-16 09:33:00+00:00,2026-08-16 09:48:00+00:00,1,1,0.9970414
2026-08-16 09:38:00+00:00,2026-08-16 09:53:00+00:00,1,1,0.9970414
2026-08-17 13:08:00+00:00,2026-08-17 13:23:00+00:00,1,1,0.96375054
2026-08-17 13:13:00+00:00,2026-08-17 13:28:00+00:00,1,1,0.96375054
2026-08-17 13:18:00+00:00,2026-08-17 13:33:00+00:00,1,1,0.99411714
2026-08-17 15:43:00+00:00,2026-08-17 15:58:00+00:00,1,1,0.99289566
2026-08-17 15:48:00+00:00,2026-08-17 16:03:00+00:00,1,1,0.99289566
2026-08-20 19:08:00+00:00,2026-08-20 19:23:00+00:00,1,1,0.9953525
2026-08-20 23:42:00+00:00,2026-08-20 23:57:00+00:00,0,1,0.9963649
2026-08-23 04:18:00+00:00,2026-08-23 04:33:00+00:00,1,1,0.9968196
2026-08-23 10:23:00+00:00,2026-08-23 10:38:00+00:00,1,1,0.99688715
2026-08-25 07:48:00+00:00,2026-08-25 08:03:00+00:00,1,1,0.94163316
2026-08-25 07:53:00+00:00,2026-08-25 08:08:00+00:00,1,1,0.94163316
2026-08-25 14:08:00+00:00,2026-08-25 14:23:00+00:00,1,1,0.9987128
2026-08-25 14:13:00+00:00,2026-08-25 14:28:00+00:00,1,1,0.99598616
2026-08-25 14:18:00+00:00,2026-08-25 14:33:00+00:00,1,1,0.9969702
2026-08-27 04:52:00+00:00,2026-08-27 05:07:00+00:00,0,1,0.995846
2026-08-30 15:53:00+00:00,2026-08-30 16:08:00+00:00,1,1,0.98687196
2026-08-30 15:58:00+00:00,2026-08-30 16:13:00+00:00,1,1,0.98687196
2026-08-31 15:58:00+00:00,2026-08-31 16:13:00+00:00,1,1,0.9950452
2026-09-01 05:42:00+00:00,2026-09-01 05:57:00+00:00,0,1,0.7519055
2026-09-03 16:52:00+00:00,2026-09-03 17:07:00+00:00,0,1,0.9944596
2026-09-03 16:57:00+00:00,2026-09-03 17:12:00+00:00,0,1,0.9944596
2026-09-05 04:38:00+00:00,2026-09-05 04:53:00+00:00,1,1,0.9974541
2026-09-05 04:43:00+00:00,2026-09-05 04:58:00+00:00,1,1,0.9974541
2026-09-06 02:43:00+00:00,2026-09-06 02:58:00+00:00,1,1,0.9993755
2026-09-07 23:33:00+00:00,2026-09-07 23:48:00+00:00,1,1,0.9988225
2026-09-10 01:58:00+00:00,2026-09-10 02:13:00+00:00,1,1,0.9846897
2026-09-10 02:03:00+00:00,2026-09-10 02:18:00+00:00,1,1,0.9963251
2026-09-10 02:08:00+00:00,2026-09-10 02:23:00+00:00,1,1,0.9963251
2026-09-15 02:28:00+00:00,2026-09-15 02:43:00+00:00,1,1,0.9959084
2026-09-15 02:33:00+00:00,2026-09-15 02:48:00+00:00,1,1,0.9959084
2026-09-15 02:38:00+00:00,2026-09-15 02:53:00+00:00,1,1,0.9959084
2026-09-15 02:48:00+00:00,2026-09-15 03:03:00+00:00,1,1,0.9919111
2026-09-15 02:53:00+00:00,2026-09-15 03:08:00+00:00,1,1,0.9919111
2026-09-16 13:28:00+00:00,2026-09-16 13:43:00+00:00,1,1,0.8419455
2026-09-17 16:08:00+00:00,2026-09-17 16:23:00+00:00,1,1,0.9909208
2026-09-17 16:13:00+00:00,2026-09-17 16:28:00+00:00,1,1,0.9909208
2026-09-18 07:18:00+00:00,2026-09-18 07:33:00+00:00,1,1,0.9953229
2026-09-21 01:02:00+00:00,2026-09-21 01:17:00+00:00,0,1,0.9976063
2026-09-24 22:23:00+00:00,2026-09-24 22:38:00+00:00,1,1,0.9975661
2026-09-24 22:28:00+00:00,2026-09-24 22:43:00+00:00,1,1,0.9975661
2026-09-24 22:33:00+00:00,2026-09-24 22:48:00+00:00,1,1,0.9975661
2026-09-25 02:07:00+00:00,2026-09-25 02:22:00+00:00,0,1,0.97795355
2026-09-28 17:38:00+00:00,2026-09-28 17:53:00+00:00,1,1,0.9908997
2026-09-28 17:43:00+00:00,2026-09-28 17:58:00+00:00,1,1,0.9908997
2026-09-28 17:48:00+00:00,2026-09-28 18:03:00+00:00,1,1,0.9931029
2026-10-02 10:57:00+00:00,2026-10-02 11:12:00+00:00,0,1,0.99028254
2026-10-03 22:43:00+00:00,2026-10-03 22:58:00+00:00,1,1,0.99768674
2026-10-03 22:48:00+00:00,2026-10-03 23:03:00+00:00,1,1,0.99768674
2026-10-06 03:53:00+00:00,2026-10-06 04:08:00+00:00,1,1,0.99909914
2026-10-08 07:13:00+00:00,2026-10-08 07:28:00+00:00,1,1,0.99789125
2026-10-08 07:18:00+00:00,2026-10-08 07:33:00+00:00,1,1,0.9966022
2026-10-08 07:23:00+00:00,2026-10-08 07:38:00+00:00,1,1,0.9966022
2026-10-09 20:28:00+00:00,2026-10-09 20:43:00+00:00,1,1,0.997701
2026-10-09 20:48:00+00:00,2026-10-09 21:03:00+00:00,1,1,0.99327093
2026-10-09 20:53:00+00:00,2026-10-09 21:08:00+00:00,1,1,0.99327093
2026-10-11 05:52:00+00:00,2026-10-11 06:07:00+00:00,0,1,0.9593072
2026-10-11 05:57:00+00:00,2026-10-11 06:12:00+00:00,0,1,0.9593072
2026-10-13 08:48:00+00:00,2026-10-13 09:03:00+00:00,1,1,0.99257493
2026-10-14 10:47:00+00:00,2026-10-14 11:02:00+00:00,0,1,0.9733445
2026-10-18 18:48:00+00:00,2026-10-18 19:03:00+00:00,1,1,0.99701774
2026-10-18 18:53:00+00:00,2026-10-18 19:08:00+00:00,1,1,0.99701774
2026-10-18 18:58:00+00:00,2026-10-18 19:13:00+00:00,1,1,0.99701774
2026-10-21 15:18:00+00:00,2026-10-21 15:33:00+00:00,1,1,0.94407535
2026-10-21 15:33:00+00:00,2026-10-21 15:48:00+00:00,1,1,0.98851645
2026-10-21 15:38:00+00:00,2026-10-21 15:53:00+00:00,1,1,0.9880905
2026-10-21 15:43:00+00:00,2026-10-21 15:58:00+00:00,1,1,0.9880905
2026-10-22 23:07:00+00:00,2026-10-22 23:22:00+00:00,0,1,0.99447143
2026-10-22 23:17:00+00:00,2026-10-22 23:32:00+00:00,0,1,0.98381984
2026-10-22 23:22:00+00:00,2026-10-22 23:37:00+00:00,0,1,0.7170971
2026-10-22 23:27:00+00:00,2026-10-22 23:42:00+00:00,0,1,0.7170971
2026-10-23 07:53:00+00:00,2026-10-23 08:08:00+00:00,1,1,0.9979913
2026-10-23 08:03:00+00:00,2026-10-23 08:18:00+00:00,1,1,0.9982191
2026-10-23 08:13:00+00:00,2026-10-23 08:28:00+00:00,1,1,0.9988042
2026-10-23 08:23:00+00:00,2026-10-23 08:38:00+00:00,1,1,0.9988857
2026-10-26 21:13:00+00:00,2026-10-26 21:28:00+00:00,1,1,0.99659973
2026-10-26 21:18:00+00:00,2026-10-26 21:33:00+00:00,1,1,0.99659973
2026-11-01 11:08:00+00:00,2026-11-01 11:23:00+00:00,1,1,0.9836684
2026-11-01 11:13:00+00:00,2026-11-01 11:28:00+00:00,1,1,0.9965545
2026-11-01 11:18:00+00:00,2026-11-01 11:33:00+00:00,1,1,0.9735835
2026-11-01 11:23:00+00:00,2026-11-01 11:38:00+00:00,1,1,0.9976057
2026-11-04 07:38:00+00:00,2026-11-04 07:53:00+00:00,1,1,0.9989479
2026-11-04 07:43:00+00:00,2026-11-04 07:58:00+00:00,1,1,0.9989479
2026-11-04 07:48:00+00:00,2026-11-04 08:03:00+00:00,1,1,0.9965887
2026-11-04 07:58:00+00:00,2026-11-04 08:13:00+00:00,1,1,0.9997458
2026-11-07 17:07:00+00:00,2026-11-07 17:22:00+00:00,0,1,0.79156274
2026-11-09 17:38:00+00:00,2026-11-09 17:53:00+00:00,1,1,0.9962624
2026-11-09 17:43:00+00:00,2026-11-09 17:58:00+00:00,1,1,0.9962624
2026-11-09 17:48:00+00:00,2026-11-09 18:03:00+00:00,1,1,0.9962624
2026-11-09 17:53:00+00:00,2026-11-09 18:08:00+00:00,1,1,0.9911143
2026-11-09 17:58:00+00:00,2026-11-09 18:13:00+00:00,1,1,0.9911143
2026-11-09 18:03:00+00:00,2026-11-09 18:18:00+00:00,1,1,0.9911143
2026-11-11 00:23:00+00:00,2026-11-11 00:38:00+00:00,1,1,0.9283516
2026-11-13 19:58:00+00:00,2026-11-13 20:13:00+00:00,1,1,0.99418914
2026-11-13 20:03:00+00:00,2026-11-13 20:18:00+00:00,1,1,0.9603327
2026-11-13 20:08:00+00:00,2026-11-13 20:23:00+00:00,1,1,0.9962793
2026-11-13 20:13:00+00:00,2026-11-13 20:28:00+00:00,1,1,0.98977405
2026-11-16 05:18:00+00:00,2026-11-16 05:33:00+00:00,1,1,0.99955994
2026-11-16 05:23:00+00:00,2026-11-16 05:38:00+00:00,1,1,0.99955994
2026-11-17 08:23:00+00:00,2026-11-17 08:38:00+00:00,1,1,0.99410313
2026-11-17 08:28:00+00:00,2026-11-17 08:43:00+00:00,1,1,0.99410313
2026-11-17 08:33:00+00:00,2026-11-17 08:48:00+00:00,1,1,0.99410313
2026-11-19 09:57:00+00:00,2026-11-19 10:12:00+00:00,0,1,0.99382365
2026-11-21 03:13:00+00:00,2026-11-21 03:28:00+00:00,1,1,0.9872044
2026-11-21 03:18:00+00:00,2026-11-21 03:33:00+00:00,1,1,0.96156937
2026-11-21 03:23:00+00:00,2026-11-21 03:38:00+00:00,1,1,0.83567685
2026-11-27 02:58:00+00:00,2026-11-27 03:13:00+00:00,1,1,0.9378069
2026-11-29 01:58:00+00:00,2026-11-29 02:13:00+00:00,1,1,0.99327105
2026-11-29 02:03:00+00:00,2026-11-29 02:18:00+00:00,1,1,0.99327105
2026-11-29 02:18:00+00:00,2026-11-29 02:33:00+00:00,1,1,0.9793762
2026-11-29 02:23:00+00:00,2026-11-29 02:38:00+00:00,1,1,0.9793762
2026-11-30 10:43:00+00:00,2026-11-30 10:58:00+00:00,1,1,0.99364316
2026-11-30 10:48:00+00:00,2026-11-30 11:03:00+00:00,1,1,0.99364316
2026-12-01 20:53:00+00:00,2026-12-01 21:08:00+00:00,1,1,0.9945352
2026-12-01 20:58:00+00:00,2026-12-01 21:13:00+00:00,1,1,0.9945352
2026-12-01 21:03:00+00:00,2026-12-01 21:18:00+00:00,1,1,0.9945352
2026-12-02 12:33:00+00:00,2026-12-02 12:48:00+00:00,1,1,0.99766797
2026-12-02 12:38:00+00:00,2026-12-02 12:53:00+00:00,1,1,0.99384826
2026-12-02 12:43:00+00:00,2026-12-02 12:58:00+00:00,1,1,0.99384826
2026-12-05 02:23:00+00:00,2026-12-05 02:38:00+00:00,1,1,0.9350608
2026-12-05 08:23:00+00:00,2026-12-05 08:38:00+00:00,1,1,0.99834883
2026-12-05 08:28:00+00:00,2026-12-05 08:43:00+00:00,1,1,0.99834883
2026-12-05 15:48:00+00:00,2026-12-05 16:03:00+00:00,1,1,0.992679
2026-12-05 15:58:00+00:00,2026-12-05 16:13:00+00:00,1,1,0.993465
2026-12-07 13:33:00+00:00,2026-12-07 13:48:00+00:00,1,1,0.9991078
2026-12-07 13:38:00+00:00,2026-12-07 13:53:00+00:00,1,1,0.99906653
2026-12-07 13:43:00+00:00,2026-12-07 13:58:00+00:00,1,1,0.99906653
2026-12-09 06:33:00+00:00,2026-12-09 06:48:00+00:00,1,1,0.9997241
2026-12-09 06:38:00+00:00,2026-12-09 06:53:00+00:00,1,1,0.9997241
2026-12-10 07:48:00+00:00,2026-12-10 08:03:00+00:00,1,1,0.9972662
2026-12-10 07:53:00+00:00,2026-12-10 08:08:00+00:00,1,1,0.9972662
2026-12-12 01:58:00+00:00,2026-12-12 02:13:00+00:00,1,1,0.9983889
2026-12-12 02:03:00+00:00,2026-12-12 02:18:00+00:00,1,1,0.9983889
2026-12-12 02:08:00+00:00,2026-12-12 02:23:00+00:00,1,1,0.9953424
2026-12-12 22:43:00+00:00,2026-12-12 22:58:00+00:00,1,1,0.99888617
2026-12-12 22:48:00+00:00,2026-12-12 23:03:00+00:00,1,1,0.99888617
2026-12-12 22:53:00+00:00,2026-12-12 23:08:00+00:00,1,1,0.99895084
2026-12-14 02:33:00+00:00,2026-12-14 02:48:00+00:00,1,1,0.99402857
2026-12-14 06:18:00+00:00,2026-12-14 06:33:00+00:00,1,1,0.995771
2026-12-14 06:23:00+00:00,2026-12-14 06:38:00+00:00,1,1,0.995771
2026-12-14 06:28:00+00:00,2026-12-14 06:43:00+00:00,1,1,0.995771
2026-12-19 01:33:00+00:00,2026-12-19 01:48:00+00:00,1,1,0.9993693
2026-12-19 01:38:00+00:00,2026-12-19 01:53:00+00:00,1,1,0.9993693
2026-12-19 01:43:00+00:00,2026-12-19 01:58:00+00:00,1,1,0.9993693
2026-12-20 11:33:00+00:00,2026-12-20 11:48:00+00:00,1,1,0.9990792
2026-12-20 11:43:00+00:00,2026-12-20 11:58:00+00:00,1,1,0.99937683
2026-12-23 10:13:00+00:00,2026-12-23 10:28:00+00:00,1,1,0.99227303
2026-12-23 10:18:00+00:00,2026-12-23 10:33:00+00:00,1,1,0.99227303
2026-12-24 06:18:00+00:00,2026-12-24 06:33:00+00:00,1,1,0.9988544
2026-12-27 22:13:00+00:00,2026-12-27 22:28:00+00:00,1,1,0.9910222
2026-12-27 22:17:00+00:00,2026-12-27 22:32:00+00:00,0,1,0.9919117
2026-12-27 22:18:00+00:00,2026-12-27 22:33:00+00:00,1,1,0.9910222
2026-12-27 22:22:00+00:00,2026-12-27 22:37:00+00:00,0,1,0.9919117
2026-12-27 22:23:00+00:00,2026-12-27 22:38:00+00:00,1,1,0.99974674
2026-12-27 22:28:00+00:00,2026-12-27 22:43:00+00:00,1,1,0.9988657
2026-12-27 22:33:00+00:00,2026-12-27 22:48:00+00:00,1,1,0.9988657
2026-12-28 00:08:00+00:00,2026-12-28 00:23:00+00:00,1,1,0.9993808
2026-12-28 00:13:00+00:00,2026-12-28 00:28:00+00:00,1,1,0.9993961
2026-12-28 00:18:00+00:00,2026-12-28 00:33:00+00:00,1,1,0.9993961
2026-12-29 13:23:00+00:00,2026-12-29 13:38:00+00:00,1,1,0.99735594
2027-01-01 18:23:00+00:00,2027-01-01 18:38:00+00:00,1,1,0.9716556
2027-01-01 18:28:00+00:00,2027-01-01 18:43:00+00:00,1,1,0.9716556
2027-01-01 18:33:00+00:00,2027-01-01 18:48:00+00:00,1,1,0.9085154
2027-01-01 18:43:00+00:00,2027-01-01 18:58:00+00:00,1,1,0.9967933
2027-01-03 21:33:00+00:00,2027-01-03 21:48:00+00:00,1,1,0.9856123
2027-01-03 21:38:00+00:00,2027-01-03 21:53:00+00:00,1,1,0.9856123
2027-01-03 21:43:00+00:00,2027-01-03 21:58:00+00:00,1,1,0.9856123
2027-01-05 00:43:00+00:00,2027-01-05 00:58:00+00:00,1,1,0.99099284
2027-01-05 00:48:00+00:00,2027-01-05 01:03:00+00:00,1,1,0.99099284
2027-01-05 00:53:00+00:00,2027-01-05 01:08:00+00:00,1,1,0.99525297
2027-01-07 17:17:00+00:00,2027-01-07 17:32:00+00:00,0,1,0.99016565
2027-01-07 17:22:00+00:00,2027-01-07 17:37:00+00:00,0,1,0.99016565
2027-01-08 17:38:00+00:00,2027-01-08 17:53:00+00:00,1,1,0.99882084
2027-01-08 17:43:00+00:00,2027-01-08 17:58:00+00:00,1,1,0.99882084
2027-01-08 17:48:00+00:00,2027-01-08 18:03:00+00:00,1,1,0.9977107
2027-01-09 22:43:00+00:00,2027-01-09 22:58:00+00:00,1,1,0.9985424
2027-01-09 22:53:00+00:00,2027-01-09 23:08:00+00:00,1,1,0.9938571
2027-01-11 10:48:00+00:00,2027-01-11 11:03:00+00:00,1,1,0.99516356
2027-01-11 10:53:00+00:00,2027-01-11 11:08:00+00:00,1,1,0.99516356
2027-01-13 23:28:00+00:00,2027-01-13 23:43:00+00:00,1,1,0.99783784
2027-01-13 23:33:00+00:00,2027-01-13 23:48:00+00:00,1,1,0.99783784
2027-01-15 15:53:00+00:00,2027-01-15 16:08:00+00:00,1,1,0.9940646
2027-01-15 15:58:00+00:00,2027-01-15 16:13:00+00:00,1,1,0.9940646
2027-01-17 21:53:00+00:00,2027-01-17 22:08:00+00:00,1,1,0.9979907
2027-01-17 21:58:00+00:00,2027-01-17 22:13:00+00:00,1,1,0.995084
2027-01-17 22:03:00+00:00,2027-01-17 22:18:00+00:00,1,1,0.995084
2027-01-19 09:23:00+00:00,2027-01-19 09:38:00+00:00,1,1,0.9975738
2027-01-19 09:28:00+00:00,2027-01-19 09:43:00+00:00,1,1,0.99687946
2027-01-19 09:33:00+00:00,2027-01-19 09:48:00+00:00,1,1,0.99687946
2027-01-19 09:48:00+00:00,2027-01-19 10:03:00+00:00,1,1,0.99806803
2027-01-19 09:58:00+00:00,2027-01-19 10:13:00+00:00,1,1,0.99951875
2027-01-19 10:03:00+00:00,2027-01-19 10:18:00+00:00,1,1,0.9993918
2027-01-19 10:08:00+00:00,2027-01-19 10:23:00+00:00,1,1,0.9993918
2027-01-22 06:03:00+00:00,2027-01-22 06:18:00+00:00,1,1,0.9957787
2027-01-22 06:08:00+00:00,2027-01-22 06:23:00+00:00,1,1,0.9957787
2027-01-25 09:53:00+00:00,2027-01-25 10:08:00+00:00,1,1,0.9951379
2027-01-25 09:58:00+00:00,2027-01-25 10:13:00+00:00,1,1,0.99946994
2027-01-25 10:03:00+00:00,2027-01-25 10:18:00+00:00,1,1,0.99946994
2027-01-26 16:58:00+00:00,2027-01-26 17:13:00+00:00,1,1,0.9955438
2027-01-26 17:03:00+00:00,2027-01-26 17:18:00+00:00,1,1,0.9955438
2027-01-27 20:08:00+00:00,2027-01-27 20:23:00+00:00,1,1,0.99599046
2027-01-27 20:33:00+00:00,2027-01-27 20:48:00+00:00,1,1,0.9982285
2027-01-28 15:38:00+00:00,2027-01-28 15:53:00+00:00,1,1,0.98928946
2027-01-28 15:43:00+00:00,2027-01-28 15:58:00+00:00,1,1,0.98928946
2027-01-28 21:57:00+00:00,2027-01-28 22:12:00+00:00,0,1,0.9929006
2027-01-28 22:07:00+00:00,2027-01-28 22:22:00+00:00,0,1,0.99824095
2027-01-30 03:08:00+00:00,2027-01-30 03:23:00+00:00,1,1,0.9959396
2027-01-30 03:13:00+00:00,2027-01-30 03:28:00+00:00,1,1,0.9945576
2027-01-30 03:18:00+00:00,2027-01-30 03:33:00+00:00,1,1,0.99234056
2027-01-30 03:23:00+00:00,2027-01-30 03:38:00+00:00,1,1,0.99726486
2027-01-31 15:38:00+00:00,2027-01-31 15:53:00+00:00,1,1,0.99833184
2027-02-01 23:22:00+00:00,2027-02-01 23:37:00+00:00,0,1,0.99939454
2027-02-01 23:27:00+00:00,2027-02-01 23:42:00+00:00,0,1,0.99939454
2027-02-01 23:32:00+00:00,2027-02-01 23:47:00+00:00,0,1,0.99939454
2027-02-04 00:23:00+00:00,2027-02-04 00:38:00+00:00,1,1,0.9992698
2027-02-05 16:43:00+00:00,2027-02-05 16:58:00+00:00,1,1,0.903883
2027-02-05 16:48:00+00:00,2027-02-05 17:03:00+00:00,1,1,0.9950936
2027-02-05 16:53:00+00:00,2027-02-05 17:08:00+00:00,1,1,0.9916387
2027-02-05 16:58:00+00:00,2027-02-05 17:13:00+00:00,1,1,0.99195564
2027-02-06 11:33:00+00:00,2027-02-06 11:48:00+00:00,1,1,0.99409807
2027-02-07 07:53:00+00:00,2027-02-07 08:08:00+00:00,1,1,0.99858177
2027-02-07 07:58:00+00:00,2027-02-07 08:13:00+00:00,1,1,0.99858177
2027-02-10 12:28:00+00:00,2027-02-10 12:43:00+00:00,1,1,0.9571433
2027-02-10 12:33:00+00:00,2027-02-10 12:48:00+00:00,1,1,0.9571433
2027-02-12 14:18:00+00:00,2027-02-12 14:33:00+00:00,1,1,0.99224067
2027-02-12 14:23:00+00:00,2027-02-12 14:38:00+00:00,1,1,0.99224067
2027-02-12 14:28:00+00:00,2027-02-12 14:43:00+00:00,1,1,0.99224067
2027-02-13 06:03:00+00:00,2027-02-13 06:18:00+00:00,1,1,0.9978515
2027-02-13 06:08:00+00:00,2027-02-13 06:23:00+00:00,1,1,0.9978515
2027-02-13 17:23:00+00:00,2027-02-13 17:38:00+00:00,1,1,0.996642
2027-02-14 07:38:00+00:00,2027-02-14 07:53:00+00:00,1,1,0.9995875
2027-02-14 07:43:00+00:00,2027-02-14 07:58:00+00:00,1,1,0.9995875
2027-02-14 14:53:00+00:00,2027-02-14 15:08:00+00:00,1,1,0.99886477
2027-02-14 14:58:00+00:00,2027-02-14 15:13:00+00:00,1,1,0.99848443
2027-02-14 15:03:00+00:00,2027-02-14 15:18:00+00:00,1,1,0.99848443
2027-02-15 04:28:00+00:00,2027-02-15 04:43:00+00:00,1,1,0.9975157
2027-02-15 04:33:00+00:00,2027-02-15 04:48:00+00:00,1,1,0.9975157
2027-02-16 16:43:00+00:00,2027-02-16 16:58:00+00:00,1,1,0.99469405
2027-02-18 21:33:00+00:00,2027-02-18 21:48:00+00:00,1,1,0.9301882
2027-02-18 21:38:00+00:00,2027-02-18 21:53:00+00:00,1,1,0.9301882
2027-02-20 23:07:00+00:00,2027-02-20 23:22:00+00:00,0,1,0.9891102
2027-02-23 05:23:00+00:00,2027-02-23 05:38:00+00:00,1,1,0.9983511
2027-02-23 05:28:00+00:00,2027-02-23 05:43:00+00:00,1,1,0.99024427
2027-02-23 05:33:00+00:00,2027-02-23 05:48:00+00:00,1,1,0.99024427
2027-02-28 11:18:00+00:00,2027-02-28 11:33:00+00:00,1,1,0.95933187
2027-03-02 02:58:00+00:00,2027-03-02 03:13:00+00:00,1,1,0.9972452
2027-03-02 03:03:00+00:00,2027-03-02 03:18:00+00:00,1,1,0.9972452
2027-03-03 14:53:00+00:00,2027-03-03 15:08:00+00:00,1,1,0.9956261
2027-03-03 14:58:00+00:00,2027-03-03 15:13:00+00:00,1,1,0.9956261
2027-03-03 15:13:00+00:00,2027-03-03 15:28:00+00:00,1,1,0.9854059
2027-03-03 15:18:00+00:00,2027-03-03 15:33:00+00:00,1,1,0.9854059
2027-03-03 15:23:00+00:00,2027-03-03 15:38:00+00:00,1,1,0.9904427
2027-03-07 22:48:00+00:00,2027-03-07 23:03:00+00:00,1,1,0.9979843
2027-03-07 22:53:00+00:00,2027-03-07 23:08:00+00:00,1,1,0.9979843
2027-03-07 22:58:00+00:00,2027-03-07 23:13:00+00:00,1,1,0.8861232
2027-03-09 07:58:00+00:00,2027-03-09 08:13:00+00:00,1,1,0.9738427
2027-03-09 08:03:00+00:00,2027-03-09 08:18:00+00:00,1,1,0.95207274
2027-03-09 08:08:00+00:00,2027-03-09 08:23:00+00:00,1,1,0.95207274
2027-03-09 13:28:00+00:00,2027-03-09 13:43:00+00:00,1,1,0.9985814
2027-03-09 13:33:00+00:00,2027-03-09 13:48:00+00:00,1,1,0.9985814
2027-03-10 22:03:00+00:00,2027-03-10 22:18:00+00:00,1,1,0.9894609
2027-03-12 12:18:00+00:00,2027-03-12 12:33:00+00:00,1,1,0.9951007
2027-03-12 12:23:00+00:00,2027-03-12 12:38:00+00:00,1,1,0.98970246
2027-03-12 12:28:00+00:00,2027-03-12 12:43:00+00:00,1,1,0.9939606
2027-03-13 22:22:00+00:00,2027-03-13 22:37:00+00:00,0,1,0.994849
2027-03-13 22:27:00+00:00,2027-03-13 22:42:00+00:00,0,1,0.994849
2027-03-13 23:18:00+00:00,2027-03-13 23:33:00+00:00,1,1,0.9842098
2027-03-13 23:23:00+00:00,2027-03-13 23:38:00+00:00,1,1,0.9960056
2027-03-13 23:28:00+00:00,2027-03-13 23:43:00+00:00,1,1,0.9960056
2027-03-13 23:33:00+00:00,2027-03-13 23:48:00+00:00,1,1,0.9992053
2027-03-13 23:38:00+00:00,2027-03-13 23:53:00+00:00,1,1,0.9982571
2027-03-13 23:43:00+00:00,2027-03-13 23:58:00+00:00,1,1,0.9982571
2027-03-18 05:18:00+00:00,2027-03-18 05:33:00+00:00,1,1,0.996642
2027-03-21 19:03:00+00:00,2027-03-21 19:18:00+00:00,1,1,0.99489814
2027-03-21 19:08:00+00:00,2027-03-21 19:23:00+00:00,1,1,0.99489814
2027-03-25 02:27:00+00:00,2027-03-25 02:42:00+00:00,0,1,0.9989219
2027-03-25 02:32:00+00:00,2027-03-25 02:47:00+00:00,0,1,0.9989219
2027-03-25 02:37:00+00:00,2027-03-25 02:52:00+00:00,0,1,0.9989219
2027-03-30 08:38:00+00:00,2027-03-30 08:53:00+00:00,1,1,0.8829635
2027-03-30 08:43:00+00:00,2027-03-30 08:58:00+00:00,1,1,0.9986934
2027-03-30 08:48:00+00:00,2027-03-30 09:03:00+00:00,1,1,0.9996575
2027-04-01 09:48:00+00:00,2027-04-01 10:03:00+00:00,1,1,0.9997397
2027-04-01 09:53:00+00:00,2027-04-01 10:08:00+00:00,1,1,0.9997397
2027-04-02 02:08:00+00:00,2027-04-02 02:23:00+00:00,1,1,0.89170414
2027-04-02 02:13:00+00:00,2027-04-02 02:28:00+00:00,1,1,0.89170414
2027-04-02 12:28:00+00:00,2027-04-02 12:43:00+00:00,1,1,0.9968144
2027-04-02 12:33:00+00:00,2027-04-02 12:48:00+00:00,1,1,0.99629116
2027-04-02 12:38:00+00:00,2027-04-02 12:53:00+00:00,1,1,0.9951218
2027-04-02 22:03:00+00:00,2027-04-02 22:18:00+00:00,1,1,0.99909484
2027-04-02 22:08:00+00:00,2027-04-02 22:23:00+00:00,1,1,0.9826485
2027-04-02 22:13:00+00:00,2027-04-02 22:28:00+00:00,1,1,0.9826485
2027-04-06 00:53:00+00:00,2027-04-06 01:08:00+00:00,1,1,0.99856275
2027-04-06 00:58:00+00:00,2027-04-06 01:13:00+00:00,1,1,0.99856275
2027-04-09 05:18:00+00:00,2027-04-09 05:33:00+00:00,1,1,0.99609226
2027-04-09 05:28:00+00:00,2027-04-09 05:43:00+00:00,1,1,0.9966568
2027-04-09 05:38:00+00:00,2027-04-09 05:53:00+00:00,1,1,0.9905494
2027-04-09 05:43:00+00:00,2027-04-09 05:58:00+00:00,1,1,0.99226874
2027-04-09 05:48:00+00:00,2027-04-09 06:03:00+00:00,1,1,0.99226874
2027-04-09 05:53:00+00:00,2027-04-09 06:08:00+00:00,1,1,0.99681205
2027-04-10 20:13:00+00:00,2027-04-10 20:28:00+00:00,1,1,0.9876222
2027-04-10 20:18:00+00:00,2027-04-10 20:33:00+00:00,1,1,0.9982857
2027-04-10 20:23:00+00:00,2027-04-10 20:38:00+00:00,1,1,0.9982857
2027-04-10 20:28:00+00:00,2027-04-10 20:43:00+00:00,1,1,0.9932295
2027-04-10 20:33:00+00:00,2027-04-10 20:48:00+00:00,1,1,0.956133
2027-04-10 20:38:00+00:00,2027-04-10 20:53:00+00:00,1,1,0.956133
2027-04-12 03:47:00+00:00,2027-04-12 04:02:00+00:00,0,1,0.9852561
2027-04-15 19:23:00+00:00,2027-04-15 19:38:00+00:00,1,1,0.99775946
2027-04-16 13:13:00+00:00,2027-04-16 13:28:00+00:00,1,1,0.9833882
2027-04-16 22:02:00+00:00,2027-04-16 22:17:00+00:00,0,1,0.9883344
2027-04-19 23:48:00+00:00,2027-04-20 00:03:00+00:00,1,1,0.9943591
2027-04-19 23:53:00+00:00,2027-04-20 00:08:00+00:00,1,1,0.9943591
2027-04-22 16:43:00+00:00,2027-04-22 16:58:00+00:00,1,1,0.9956261
2027-04-22 16:48:00+00:00,2027-04-22 17:03:00+00:00,1,1,0.9908695
2027-04-22 16:53:00+00:00,2027-04-22 17:08:00+00:00,1,1,0.9956943
2027-04-29 12:03:00+00:00,2027-04-29 12:18:00+00:00,1,1,0.99854004
2027-04-29 12:08:00+00:00,2027-04-29 12:23:00+00:00,1,1,0.99854004
2027-04-29 12:13:00+00:00,2027-04-29 12:28:00+00:00,1,1,0.9992829
2027-04-30 21:43:00+00:00,2027-04-30 21:58:00+00:00,1,1,0.99446315
2027-04-30 21:48:00+00:00,2027-04-30 22:03:00+00:00,1,1,0.99446315
2027-04-30 21:53:00+00:00,2027-04-30 22:08:00+00:00,1,1,0.99446315
2027-05-02 08:18:00+00:00,2027-05-02 08:33:00+00:00,1,1,0.9693205
2027-05-02 08:23:00+00:00,2027-05-02 08:38:00+00:00,1,1,0.9693205
2027-05-03 17:13:00+00:00,2027-05-03 17:28:00+00:00,1,1,0.9970065
2027-05-03 17:18:00+00:00,2027-05-03 17:33:00+00:00,1,1,0.9970065
2027-05-03 21:58:00+00:00,2027-05-03 22:13:00+00:00,1,1,0.99812037
2027-05-03 22:03:00+00:00,2027-05-03 22:18:00+00:00,1,1,0.98745084
2027-05-03 22:08:00+00:00,2027-05-03 22:23:00+00:00,1,1,0.9797314
2027-05-04 19:03:00+00:00,2027-05-04 19:18:00+00:00,1,1,0.9933674
2027-05-04 19:08:00+00:00,2027-05-04 19:23:00+00:00,1,1,0.9933674
2027-05-04 19:13:00+00:00,2027-05-04 19:28:00+00:00,1,1,0.998161
2027-05-04 23:08:00+00:00,2027-05-04 23:23:00+00:00,1,1,0.996336
2027-05-10 15:03:00+00:00,2027-05-10 15:18:00+00:00,1,1,0.9916453
2027-05-10 22:23:00+00:00,2027-05-10 22:38:00+00:00,1,1,0.9800593
2027-05-10 22:28:00+00:00,2027-05-10 22:43:00+00:00,1,1,0.9800593
2027-05-10 22:33:00+00:00,2027-05-10 22:48:00+00:00,1,1,0.9800593
2027-05-13 20:08:00+00:00,2027-05-13 20:23:00+00:00,1,1,0.9967096
2027-05-13 20:13:00+00:00,2027-05-13 20:28:00+00:00,1,1,0.9967096
2027-05-15 22:03:00+00:00,2027-05-15 22:18:00+00:00,1,1,0.9979366
2027-05-15 22:08:00+00:00,2027-05-15 22:23:00+00:00,1,1,0.9979366
2027-05-15 22:13:00+00:00,2027-05-15 22:28:00+00:00,1,1,0.9997067
2027-05-18 08:43:00+00:00,2027-05-18 08:58:00+00:00,1,1,0.9797309
2027-05-18 08:48:00+00:00,2027-05-18 09:03:00+00:00,1,1,0.96884346
2027-05-18 08:53:00+00:00,2027-05-18 09:08:00+00:00,1,1,0.96884346
2027-05-20 10:43:00+00:00,2027-05-20 10:58:00+00:00,1,1,0.98877513
2027-05-20 10:48:00+00:00,2027-05-20 11:03:00+00:00,1,1,0.97174174
2027-05-20 10:53:00+00:00,2027-05-20 11:08:00+00:00,1,1,0.9840715
2027-05-21 14:22:00+00:00,2027-05-21 14:37:00+00:00,0,1,0.93716896
2027-05-25 06:07:00+00:00,2027-05-25 06:22:00+00:00,0,1,0.99661094
2027-05-25 16:13:00+00:00,2027-05-25 16:28:00+00:00,1,1,0.99913365
2027-05-25 16:23:00+00:00,2027-05-25 16:38:00+00:00,1,1,0.9956731
2027-05-25 16:28:00+00:00,2027-05-25 16:43:00+00:00,1,1,0.9882045
2027-05-25 16:33:00+00:00,2027-05-25 16:48:00+00:00,1,1,0.9882045
2027-05-26 10:08:00+00:00,2027-05-26 10:23:00+00:00,1,1,0.9982145
2027-05-26 10:13:00+00:00,2027-05-26 10:28:00+00:00,1,1,0.9982145
2027-05-26 15:27:00+00:00,2027-05-26 15:42:00+00:00,0,1,0.9972752
2027-05-29 05:33:00+00:00,2027-05-29 05:48:00+00:00,1,1,0.99825317
2027-05-29 05:38:00+00:00,2027-05-29 05:53:00+00:00,1,1,0.99825317
2027-05-29 05:43:00+00:00,2027-05-29 05:58:00+00:00,1,1,0.99825317
2027-05-31 12:03:00+00:00,2027-05-31 12:18:00+00:00,1,1,0.9995875
2027-05-31 12:08:00+00:00,2027-05-31 12:23:00+00:00,1,1,0.9995875
2027-06-01 16:53:00+00:00,2027-06-01 17:08:00+00:00,1,1,0.99705565
2027-06-01 22:32:00+00:00,2027-06-01 22:47:00+00:00,0,1,0.9811948
2027-06-01 22:37:00+00:00,2027-06-01 22:52:00+00:00,0,1,0.9811948
2027-06-05 11:38:00+00:00,2027-06-05 11:53:00+00:00,1,1,0.99569017
2027-06-07 14:32:00+00:00,2027-06-07 14:47:00+00:00,0,1,0.9979448
2027-06-07 14:37:00+00:00,2027-06-07 14:52:00+00:00,0,1,0.9979448
2027-06-07 16:53:00+00:00,2027-06-07 17:08:00+00:00,1,1,0.9919708
2027-06-07 23:22:00+00:00,2027-06-07 23:37:00+00:00,0,1,0.96959084
2027-06-07 23:27:00+00:00,2027-06-07 23:42:00+00:00,0,1,0.99322283
2027-06-07 23:32:00+00:00,2027-06-07 23:47:00+00:00,0,1,0.9082694
2027-06-09 01:18:00+00:00,2027-06-09 01:33:00+00:00,1,1,0.9989518
2027-06-10 09:28:00+00:00,2027-06-10 09:43:00+00:00,1,1,0.99619365
2027-06-10 09:38:00+00:00,2027-06-10 09:53:00+00:00,1,1,0.9974923
2027-06-10 09:48:00+00:00,2027-06-10 10:03:00+00:00,1,1,0.8665341
2027-06-11 13:53:00+00:00,2027-06-11 14:08:00+00:00,1,1,0.9989354
2027-06-11 13:58:00+00:00,2027-06-11 14:13:00+00:00,1,1,0.9989354
2027-06-14 20:03:00+00:00,2027-06-14 20:18:00+00:00,1,1,0.99691427
2027-06-15 17:58:00+00:00,2027-06-15 18:13:00+00:00,1,1,0.9957409
2027-06-20 16:03:00+00:00,2027-06-20 16:18:00+00:00,1,1,0.998889
2027-06-20 16:08:00+00:00,2027-06-20 16:23:00+00:00,1,1,0.998889
2027-06-20 16:13:00+00:00,2027-06-20 16:28:00+00:00,1,1,0.998889
2027-06-22 00:57:00+00:00,2027-06-22 01:12:00+00:00,0,1,0.9635995
2027-06-22 15:23:00+00:00,2027-06-22 15:38:00+00:00,1,1,0.9918291
2027-06-22 15:28:00+00:00,2027-06-22 15:43:00+00:00,1,1,0.9918291
2027-06-22 15:33:00+00:00,2027-06-22 15:48:00+00:00,1,1,0.9918291
2027-06-22 22:38:00+00:00,2027-06-22 22:53:00+00:00,1,1,0.96455896
2027-06-27 08:38:00+00:00,2027-06-27 08:53:00+00:00,1,1,0.9996244
2027-06-27 08:43:00+00:00,2027-06-27 08:58:00+00:00,1,1,0.9996244
2027-06-28 10:33:00+00:00,2027-06-28 10:48:00+00:00,1,1,0.9978588
2027-06-28 10:38:00+00:00,2027-06-28 10:53:00+00:00,1,1,0.99566984
2027-06-28 10:43:00+00:00,2027-06-28 10:58:00+00:00,1,1,0.99566984
2027-06-29 22:33:00+00:00,2027-06-29 22:48:00+00:00,1,1,0.99169683
2027-06-30 04:33:00+00:00,2027-06-30 04:48:00+00:00,1,1,0.99798054
2027-07-01 10:08:00+00:00,2027-07-01 10:23:00+00:00,1,1,0.97489136
2027-07-01 10:13:00+00:00,2027-07-01 10:28:00+00:00,1,1,0.97489136
2027-07-04 18:38:00+00:00,2027-07-04 18:53:00+00:00,1,1,0.9987789
2027-07-04 18:43:00+00:00,2027-07-04 18:58:00+00:00,1,1,0.9987789
2027-07-04 18:48:00+00:00,2027-07-04 19:03:00+00:00,1,1,0.9989342
2027-07-04 18:58:00+00:00,2027-07-04 19:13:00+00:00,1,1,0.9815817
2027-07-06 18:33:00+00:00,2027-07-06 18:48:00+00:00,1,1,0.9959858
2027-07-06 18:38:00+00:00,2027-07-06 18:53:00+00:00,1,1,0.9959858
2027-07-08 12:18:00+00:00,2027-07-08 12:33:00+00:00,1,1,0.9985617
2027-07-08 12:23:00+00:00,2027-07-08 12:38:00+00:00,1,1,0.9985617
2027-07-09 02:37:00+00:00,2027-07-09 02:52:00+00:00,0,1,0.732252
2027-07-09 02:42:00+00:00,2027-07-09 02:57:00+00:00,0,1,0.732252
2027-07-09 02:47:00+00:00,2027-07-09 03:02:00+00:00,0,1,0.8743205
2027-07-09 14:13:00+00:00,2027-07-09 14:28:00+00:00,1,1,0.99928576
2027-07-09 14:18:00+00:00,2027-07-09 14:33:00+00:00,1,1,0.99928576
2027-07-18 12:38:00+00:00,2027-07-18 12:53:00+00:00,1,1,0.9990103
2027-07-19 00:12:00+00:00,2027-07-19 00:27:00+00:00,0,1,0.9916632
2027-07-21 17:23:00+00:00,2027-07-21 17:38:00+00:00,1,1,0.9985197
2027-07-22 16:53:00+00:00,2027-07-22 17:08:00+00:00,1,1,0.99816376
2027-07-23 12:18:00+00:00,2027-07-23 12:33:00+00:00,1,1,0.994618
2027-07-23 12:23:00+00:00,2027-07-23 12:38:00+00:00,1,1,0.994618
2027-07-23 12:28:00+00:00,2027-07-23 12:43:00+00:00,1,1,0.9968509
2027-07-23 15:13:00+00:00,2027-07-23 15:28:00+00:00,1,1,0.99852186
2027-07-26 06:48:00+00:00,2027-07-26 07:03:00+00:00,1,1,0.9982582
2027-07-27 13:28:00+00:00,2027-07-27 13:43:00+00:00,1,1,0.9808812
2027-07-29 14:23:00+00:00,2027-07-29 14:38:00+00:00,1,1,0.99753666
2027-07-29 14:28:00+00:00,2027-07-29 14:43:00+00:00,1,1,0.99753666
2027-07-29 14:33:00+00:00,2027-07-29 14:48:00+00:00,1,1,0.99753666
2027-08-02 17:57:00+00:00,2027-08-02 18:12:00+00:00,0,1,0.98991185
2027-08-03 02:53:00+00:00,2027-08-03 03:08:00+00:00,1,1,0.9956743
2027-08-03 02:58:00+00:00,2027-08-03 03:13:00+00:00,1,1,0.9956743
2027-08-06 18:03:00+00:00,2027-08-06 18:18:00+00:00,1,1,0.9930835
2027-08-06 18:08:00+00:00,2027-08-06 18:23:00+00:00,1,1,0.9930835
2027-08-06 18:13:00+00:00,2027-08-06 18:28:00+00:00,1,1,0.9930835
2027-08-07 00:58:00+00:00,2027-08-07 01:13:00+00:00,1,1,0.99457437
2027-08-07 01:03:00+00:00,2027-08-07 01:18:00+00:00,1,1,0.99457437
2027-08-07 01:08:00+00:00,2027-08-07 01:23:00+00:00,1,1,0.9953904
2027-08-09 08:18:00+00:00,2027-08-09 08:33:00+00:00,1,1,0.9987067
2027-08-10 04:13:00+00:00,2027-08-10 04:28:00+00:00,1,1,0.9990689
2027-08-10 04:18:00+00:00,2027-08-10 04:33:00+00:00,1,1,0.99690586
2027-08-10 04:23:00+00:00,2027-08-10 04:38:00+00:00,1,1,0.99690586
2027-08-10 04:28:00+00:00,2027-08-10 04:43:00+00:00,1,1,0.9992512
2027-08-10 05:23:00+00:00,2027-08-10 05:38:00+00:00,1,1,0.96726114
2027-08-10 05:28:00+00:00,2027-08-10 05:43:00+00:00,1,1,0.9974878
2027-08-10 05:33:00+00:00,2027-08-10 05:48:00+00:00,1,0,0.38364205
2027-08-10 05:38:00+00:00,2027-08-10 05:53:00+00:00,1,1,0.97656834
2027-08-14 01:43:00+00:00,2027-08-14 01:58:00+00:00,1,1,0.9919744
2027-08-17 10:48:00+00:00,2027-08-17 11:03:00+00:00,1,1,0.9979061
2027-08-17 10:53:00+00:00,2027-08-17 11:08:00+00:00,1,1,0.9979061
2027-08-18 16:43:00+00:00,2027-08-18 16:58:00+00:00,1,1,0.997063
2027-08-18 16:48:00+00:00,2027-08-18 17:03:00+00:00,1,1,0.997063
2027-08-28 22:28:00+00:00,2027-08-28 22:43:00+00:00,1,1,0.953833
2027-08-28 22:33:00+00:00,2027-08-28 22:48:00+00:00,1,1,0.953833
2027-09-03 14:13:00+00:00,2027-09-03 14:28:00+00:00,1,1,0.99692506
2027-09-04 06:28:00+00:00,2027-09-04 06:43:00+00:00,1,1,0.9838141
2027-09-04 06:33:00+00:00,2027-09-04 06:48:00+00:00,1,1,0.99547607
2027-09-04 06:38:00+00:00,2027-09-04 06:53:00+00:00,1,1,0.9988612
2027-09-04 09:53:00+00:00,2027-09-04 10:08:00+00:00,1,1,0.9968618
2027-09-04 09:58:00+00:00,2027-09-04 10:13:00+00:00,1,1,0.99894077
2027-09-04 10:03:00+00:00,2027-09-04 10:18:00+00:00,1,1,0.99981207
2027-09-04 10:08:00+00:00,2027-09-04 10:23:00+00:00,1,1,0.99875987
2027-09-11 00:38:00+00:00,2027-09-11 00:53:00+00:00,1,1,0.99956447
2027-09-11 05:33:00+00:00,2027-09-11 05:48:00+00:00,1,1,0.9992279
2027-09-11 05:38:00+00:00,2027-09-11 05:53:00+00:00,1,1,0.9992279
2027-09-13 11:23:00+00:00,2027-09-13 11:38:00+00:00,1,1,0.9655626
2027-09-13 11:28:00+00:00,2027-09-13 11:43:00+00:00,1,1,0.96133286
2027-09-13 11:33:00+00:00,2027-09-13 11:48:00+00:00,1,1,0.99955994
2027-09-13 11:38:00+00:00,2027-09-13 11:53:00+00:00,1,1,0.999451
2027-09-14 01:48:00+00:00,2027-09-14 02:03:00+00:00,1,1,0.9878583
2027-09-14 01:53:00+00:00,2027-09-14 02:08:00+00:00,1,1,0.9908593
2027-09-14 01:58:00+00:00,2027-09-14 02:13:00+00:00,1,1,0.9908593
2027-09-14 11:23:00+00:00,2027-09-14 11:38:00+00:00,1,1,0.9909575
2027-09-14 11:28:00+00:00,2027-09-14 11:43:00+00:00,1,1,0.9909575
2027-09-15 17:58:00+00:00,2027-09-15 18:13:00+00:00,1,1,0.9958897
2027-09-15 18:03:00+00:00,2027-09-15 18:18:00+00:00,1,1,0.9958897
2027-09-16 17:53:00+00:00,2027-09-16 18:08:00+00:00,1,1,0.9954684
2027-09-16 17:58:00+00:00,2027-09-16 18:13:00+00:00,1,1,0.99953485
2027-09-16 18:03:00+00:00,2027-09-16 18:18:00+00:00,1,1,0.99953485
2027-09-17 00:28:00+00:00,2027-09-17 00:43:00+00:00,1,1,0.99814284
2027-09-17 00:33:00+00:00,2027-09-17 00:48:00+00:00,1,1,0.99814284
2027-09-18 14:18:00+00:00,2027-09-18 14:33:00+00:00,1,1,0.9963188
2027-09-18 14:28:00+00:00,2027-09-18 14:43:00+00:00,1,1,0.98696
2027-09-19 21:37:00+00:00,2027-09-19 21:52:00+00:00,0,1,0.8724827
2027-09-19 21:42:00+00:00,2027-09-19 21:57:00+00:00,0,1,0.8724827
2027-09-22 12:33:00+00:00,2027-09-22 12:48:00+00:00,1,1,0.9965868
2027-09-22 12:38:00+00:00,2027-09-22 12:53:00+00:00,1,1,0.985968
2027-09-22 12:43:00+00:00,2027-09-22 12:58:00+00:00,1,1,0.985968
2027-09-23 04:47:00+00:00,2027-09-23 05:02:00+00:00,0,1,0.990875
2027-09-23 04:52:00+00:00,2027-09-23 05:07:00+00:00,0,1,0.990875
2027-09-24 10:28:00+00:00,2027-09-24 10:43:00+00:00,1,1,0.9938116
2027-09-24 10:33:00+00:00,2027-09-24 10:48:00+00:00,1,1,0.9938116
2027-09-26 20:13:00+00:00,2027-09-26 20:28:00+00:00,1,1,0.9930187
2027-09-26 20:18:00+00:00,2027-09-26 20:33:00+00:00,1,1,0.9930187
2027-09-26 20:23:00+00:00,2027-09-26 20:38:00+00:00,1,1,0.9930187
2027-09-27 06:53:00+00:00,2027-09-27 07:08:00+00:00,1,1,0.9963581
2027-09-27 06:58:00+00:00,2027-09-27 07:13:00+00:00,1,1,0.9963581
2027-09-27 07:03:00+00:00,2027-09-27 07:18:00+00:00,1,1,0.9963581
2027-09-28 07:03:00+00:00,2027-09-28 07:18:00+00:00,1,1,0.99369437
2027-09-28 07:08:00+00:00,2027-09-28 07:23:00+00:00,1,1,0.99369437
2027-09-28 07:13:00+00:00,2027-09-28 07:28:00+00:00,1,1,0.99369437
2027-10-04 11:18:00+00:00,2027-10-04 11:33:00+00:00,1,1,0.9116187
2027-10-05 04:38:00+00:00,2027-10-05 04:53:00+00:00,1,1,0.99835217
2027-10-05 05:03:00+00:00,2027-10-05 05:18:00+00:00,1,1,0.9996418
2027-10-05 05:13:00+00:00,2027-10-05 05:28:00+00:00,1,1,0.99831617
2027-10-05 05:18:00+00:00,2027-10-05 05:33:00+00:00,1,1,0.97350806
2027-10-05 05:23:00+00:00,2027-10-05 05:38:00+00:00,1,1,0.97350806
2027-10-07 04:33:00+00:00,2027-10-07 04:48:00+00:00,1,1,0.9962191
2027-10-07 04:38:00+00:00,2027-10-07 04:53:00+00:00,1,1,0.9962191
2027-10-07 14:48:00+00:00,2027-10-07 15:03:00+00:00,1,1,0.9923834
2027-10-08 21:33:00+00:00,2027-10-08 21:48:00+00:00,1,1,0.99829394
2027-10-14 11:08:00+00:00,2027-10-14 11:23:00+00:00,1,1,0.9940295
2027-10-14 11:13:00+00:00,2027-10-14 11:28:00+00:00,1,1,0.9940295
2027-10-14 11:18:00+00:00,2027-10-14 11:33:00+00:00,1,1,0.99278367
2027-10-14 18:37:00+00:00,2027-10-14 18:52:00+00:00,0,1,0.9765421
2027-10-16 17:13:00+00:00,2027-10-16 17:28:00+00:00,1,1,0.9952419
2027-10-16 17:18:00+00:00,2027-10-16 17:33:00+00:00,1,1,0.9952419
2027-10-17 14:23:00+00:00,2027-10-17 14:38:00+00:00,1,1,0.9852727
2027-10-21 06:13:00+00:00,2027-10-21 06:28:00+00:00,1,1,0.998582
2027-10-21 06:18:00+00:00,2027-10-21 06:33:00+00:00,1,1,0.998582
2027-10-21 06:23:00+00:00,2027-10-21 06:38:00+00:00,1,1,0.998582
2027-10-22 03:08:00+00:00,2027-10-22 03:23:00+00:00,1,1,0.9910116
2027-10-22 03:13:00+00:00,2027-10-22 03:28:00+00:00,1,1,0.99775934
2027-10-22 03:18:00+00:00,2027-10-22 03:33:00+00:00,1,1,0.99759394
2027-10-23 10:18:00+00:00,2027-10-23 10:33:00+00:00,1,1,0.9970662
2027-10-23 10:23:00+00:00,2027-10-23 10:38:00+00:00,1,1,0.9970662
2027-10-23 10:28:00+00:00,2027-10-23 10:43:00+00:00,1,1,0.9970662
2027-10-25 16:23:00+00:00,2027-10-25 16:38:00+00:00,1,1,0.99476457
2027-10-25 16:28:00+00:00,2027-10-25 16:43:00+00:00,1,1,0.99476457
2027-10-26 21:33:00+00:00,2027-10-26 21:48:00+00:00,1,1,0.9955059
2027-10-26 21:38:00+00:00,2027-10-26 21:53:00+00:00,1,1,0.9955059
2027-10-26 21:43:00+00:00,2027-10-26 21:58:00+00:00,1,1,0.98876077
2027-10-27 09:38:00+00:00,2027-10-27 09:53:00+00:00,1,1,0.7960517
2027-11-01 21:08:00+00:00,2027-11-01 21:23:00+00:00,1,1,0.9970797
2027-11-01 21:13:00+00:00,2027-11-01 21:28:00+00:00,1,1,0.9970797
2027-11-03 00:37:00+00:00,2027-11-03 00:52:00+00:00,0,1,0.9986934
2027-11-03 00:42:00+00:00,2027-11-03 00:57:00+00:00,0,1,0.9986934
2027-11-03 00:47:00+00:00,2027-11-03 01:02:00+00:00,0,1,0.9925742
2027-11-05 12:58:00+00:00,2027-11-05 13:13:00+00:00,1,1,0.9952678
2027-11-05 13:03:00+00:00,2027-11-05 13:18:00+00:00,1,1,0.9952678
2027-11-06 09:02:00+00:00,2027-11-06 09:17:00+00:00,0,1,0.9589501
2027-11-06 12:43:00+00:00,2027-11-06 12:58:00+00:00,1,1,0.9943514
2027-11-06 12:48:00+00:00,2027-11-06 13:03:00+00:00,1,1,0.9890754
2027-11-06 12:53:00+00:00,2027-11-06 13:08:00+00:00,1,1,0.9890754
2027-11-08 18:43:00+00:00,2027-11-08 18:58:00+00:00,1,1,0.99696416
2027-11-08 18:48:00+00:00,2027-11-08 19:03:00+00:00,1,1,0.9976646
2027-11-08 18:53:00+00:00,2027-11-08 19:08:00+00:00,1,1,0.9981522
2027-11-08 18:58:00+00:00,2027-11-08 19:13:00+00:00,1,1,0.99846977
2027-11-15 18:48:00+00:00,2027-11-15 19:03:00+00:00,1,1,0.99924386
2027-11-22 13:08:00+00:00,2027-11-22 13:23:00+00:00,1,1,0.9671513
2027-11-22 13:13:00+00:00,2027-11-22 13:28:00+00:00,1,1,0.9671513
2027-11-27 19:43:00+00:00,2027-11-27 19:58:00+00:00,1,1,0.99872464
2027-11-27 19:53:00+00:00,2027-11-27 20:08:00+00:00,1,1,0.9991998
2027-12-11 07:27:00+00:00,2027-12-11 07:42:00+00:00,0,1,0.9990451
2027-12-11 07:32:00+00:00,2027-12-11 07:47:00+00:00,0,1,0.9990451
2027-12-11 07:37:00+00:00,2027-12-11 07:52:00+00:00,0,1,0.99874544
2027-12-11 10:17:00+00:00,2027-12-11 10:32:00+00:00,0,1,0.99343985
2027-12-15 13:02:00+00:00,2027-12-15 13:17:00+00:00,0,1,0.99821067
2027-12-15 13:07:00+00:00,2027-12-15 13:22:00+00:00,0,1,0.99821067
